id_ads;manufacturer_by;model;version;km;year;price;seller;endereco;scrapy_datetime
8c9aef9c-1513-41ab-8db4-10686decdfb5;bmw;116;d 5p Msport auto;146000;06-2019;16500;Bryan Auto Srl;BRYAN AUTO • IT-13100 Vercelli;2024-11-22
78b02ce1-2c8f-4caf-88fc-7d59b6e42cda;bmw;x1;xdrive18d Business auto my18;100000;09-2018;18999;Bryan Auto Srl;BRYAN AUTO • IT-13100 Vercelli;2024-11-22
c3eb9e5d-f4e3-4864-a283-32063782cd8b;bmw;318;d Touring MHEV Business Advantage 150CV auto;140000;11-2020;19490;Bryan Auto Srl;BRYAN AUTO • IT-13100 Vercelli;2024-11-22
a564e061-226c-464f-bf1a-b178e7b929dc;bmw;116;116d 5p. Msport;53050;02-2019;19900;Bryan Auto Srl;BRYAN AUTO • IT-13100 Vercelli;2024-11-22
6e6ae0b6-d199-4d2e-96ec-d525bfb48e1e;bmw;730;d xDrive Eccelsa;226135;02-2018;25900;Bryan Auto Srl;BRYAN AUTO • IT-13100 Vercelli;2024-11-22
ba7cd9b3-4e1f-4373-8975-5120395e92d8;bmw;318;F30 2015 Berlina Diese 318d Luxury auto;26260;12-2018;20900;Bryan Auto Srl;BRYAN AUTO • IT-13100 Vercelli;2024-11-22
250bff01-d3f5-4e26-b9cb-743bede208ee;bmw;325;d xDrive Touring Msport;217024;10-2018;11890;Bryan Auto Srl;BRYAN AUTO • IT-13100 Vercelli;2024-11-22
95b8a156-80a4-4f2f-bff4-6cb14db0a9e7;bmw;x3 m;X3 xDrive20d Msport;176000;10-2018;21990;Bryan Auto Srl;BRYAN AUTO • IT-13100 Vercelli;2024-11-22
9ef30f77-9018-4f26-a204-3136a54f936c;bmw;118;d 2.0d 5p. Msport Aut.;170462;02-2018;15800;Bryan Auto Srl;BRYAN AUTO • IT-13100 Vercelli;2024-11-22
5e715a62-2fe6-4187-bff7-3d905f8159d0;bmw;318;d Msport auto;73104;03-2020;27990;Bryan Auto Srl;BRYAN AUTO • IT-13100 Vercelli;2024-11-22
048e2c73-d09b-4bcd-8565-0e280f0e3f9e;bmw;118;118i 5p. Business Advantage;21000;04-2020;17900;Bryan Auto Srl;BRYAN AUTO • IT-13100 Vercelli;2024-11-22
936c36b2-ab2d-433f-8030-66a588f3c1a5;bmw;x1;X1 sdrive18d Advantage;62750;10-2019;21500;Bryan Auto Srl;BRYAN AUTO • IT-13100 Vercelli;2024-11-22
5f02b255-fdc0-49fa-a56c-9e9a00e9e28a;bmw;x1;sdrive18d xLine auto my18 * PREZZO REALE *;97334;07-2019;20500;Bryan Auto Srl;BRYAN AUTO • IT-13100 Vercelli;2024-11-22
192b1b12-245c-4867-a52f-59715ac378dd;bmw;118;118i 5p Advantage LED;55800;09-2021;18700;Bryan Auto Srl;BRYAN AUTO • IT-13100 Vercelli;2024-11-22
3cc24cd6-b4b0-420f-8cea-478f1a751658;bmw;x2;sDrive16d M Sport X-RETROCAM-TAGLIANDI BMW-GAR.24M;114000;12-2020;25400;Bryan Auto Srl;BRYAN AUTO • IT-13100 Vercelli;2024-11-22
0b86f1f6-f054-4436-a460-fe88c91ddbf9;bmw;x4;IVATA;45000;12-2018;37500;Bryan Auto Srl;BRYAN AUTO • IT-13100 Vercelli;2024-11-22
f5592de1-6c1e-4848-8438-842e437f9c70;bmw;x3;xdrive30d mhev Msport 286cv km 78.000 iva esposta;78000;06-2022;39500;Bryan Auto Srl;BRYAN AUTO • IT-13100 Vercelli;2024-11-22
ea4f3e3a-de65-4860-a229-4ae5cb0a2d7b;bmw;x1;sDrive16d xLine;126935;09-2018;17500;Bryan Auto Srl;BRYAN AUTO • IT-13100 Vercelli;2024-11-22
10d4d109-b472-4a26-8e59-a06719f15948;bmw;220;d Gran Tourer xDrive Business 7 posti auto;120000;06-2019;17490;Bryan Auto Srl;BRYAN AUTO • IT-13100 Vercelli;2024-11-22
c3eb9e5d-f4e3-4864-a283-32063782cd8b;bmw;318;d Touring MHEV Business Advantage 150CV auto;140000;11-2020;19490;Ultu Selection srl;Simone Ulturale • IT-25035 Ospitaletto -  BS;2024-11-22
1cc99826-d7fd-4dde-8e3e-ef5d968827ee;bmw;118;118d Msport auto;116670;01-2021;22450;Ultu Selection srl;Simone Ulturale • IT-25035 Ospitaletto -  BS;2024-11-22
d4bc0470-370c-4a68-90f5-2c80d191b789;bmw;218;218i Active Tourer Business 140cv auto;68791;08-2020;15900;Ultu Selection srl;Simone Ulturale • IT-25035 Ospitaletto -  BS;2024-11-22
1d16f6fd-b78d-4afb-9334-5588b3fcbe79;bmw;x2;sDrive16d Msport;116000;12-2018;20900;Ultu Selection srl;Simone Ulturale • IT-25035 Ospitaletto -  BS;2024-11-22
2e848a7a-6275-4b70-9905-716dc1828ca2;bmw;118;d 5p. Msport Tetto Pelle 18'' Black Shadow;114057;01-2019;22000;Ultu Selection srl;Simone Ulturale • IT-25035 Ospitaletto -  BS;2024-11-22
6b28fa12-e282-4810-866f-317b623cbf4b;bmw;520;Bmw Serie 520 Touring;108700;07-2019;22500;Ultu Selection srl;Simone Ulturale • IT-25035 Ospitaletto -  BS;2024-11-22
a28ecdc2-f4ac-49bc-9f47-9747ce791222;bmw;118;118d 5p. M Sport;60646;10-2020;25960;Ultu Selection srl;Simone Ulturale • IT-25035 Ospitaletto -  BS;2024-11-22
0b1fcd55-2bb2-4a38-b6ad-374cce143373;bmw;116;116d 5p Msport auto;83000;02-2019;18990;Ultu Selection srl;Simone Ulturale • IT-25035 Ospitaletto -  BS;2024-11-22
e7951b1d-fbb7-4c69-8462-91fe8b232dc2;bmw;420;d xDrive Gran Coupé Msport;71685;09-2020;29870;Ultu Selection srl;Simone Ulturale • IT-25035 Ospitaletto -  BS;2024-11-22
8c324a21-8093-41e6-ac6a-c62a5d6288c2;bmw;118;118i M-sport M SPORT Auto;54000;03-2021;23900;Ultu Selection srl;Simone Ulturale • IT-25035 Ospitaletto -  BS;2024-11-22
fab2566c-6b9f-4665-8bcf-5e644460df41;bmw;418;d Gran Coupe Advantage LED NAVIGATORE IVA ESPOSTA;68000;05-2018;23900;Ultu Selection srl;Simone Ulturale • IT-25035 Ospitaletto -  BS;2024-11-22
53603151-4179-4b2b-8b48-dba06ed40b54;bmw;520;520d Touring xdrive Luxury auto;99000;08-2019;26900;Ultu Selection srl;Simone Ulturale • IT-25035 Ospitaletto -  BS;2024-11-22
1413f282-b70e-44b1-8ea0-ff8a9de3a7fc;bmw;216;1.5d ACTIVE TOURER 116cv BLUETOOTH CRUISE SENSORI;119920;07-2018;12800;Ultu Selection srl;Simone Ulturale • IT-25035 Ospitaletto -  BS;2024-11-22
5ac49db0-13f4-4585-830b-b8dd36598654;bmw;118;Navi PDC CruiseControl S&S C.17 KeylessGo;175000;02-2019;13900;Ultu Selection srl;Simone Ulturale • IT-25035 Ospitaletto -  BS;2024-11-22
8fe35d64-d27c-4217-8b50-eee6f83155e9;bmw;x1;xDrive25d xLine;66000;01-2018;25500;Ultu Selection srl;Simone Ulturale • IT-25035 Ospitaletto -  BS;2024-11-22
153b227b-ba49-4c7d-8fda-8cf6e6026301;bmw;x1;sdrive 16d NAVI LED EURO 6DTEMP TAGLIANDI REGOLARI;100000;06-2018;17900;Ultu Selection srl;Simone Ulturale • IT-25035 Ospitaletto -  BS;2024-11-22
322e5858-994a-4d8d-9804-30170e0e66e1;bmw;x3;xdrive20d Business Adv. 190cv auto  Unico Propr.;93000;06-2020;28500;Ultu Selection srl;Simone Ulturale • IT-25035 Ospitaletto -  BS;2024-11-22
76e7a59f-576d-4bb8-ae19-18f7794a1a56;bmw;116;Auto 5p. Business Advantage;124000;06-2021;17490;Ultu Selection srl;Simone Ulturale • IT-25035 Ospitaletto -  BS;2024-11-22
57d38222-9e80-4803-9418-144e8779df52;bmw;520;d Touring Luxury;313594;07-2019;14900;Ultu Selection srl;Simone Ulturale • IT-25035 Ospitaletto -  BS;2024-11-22
c5955819-80c7-42fe-b049-ffc308baac10;bmw;z4;30i Msport;60000;09-2019;40900;Ultu Selection srl;Simone Ulturale • IT-25035 Ospitaletto -  BS;2024-11-22
a564e061-226c-464f-bf1a-b178e7b929dc;bmw;116;116d 5p. Msport;53050;02-2019;19900;Torino Auto Spa;Alberto Fontana • IT-10137 Torino - To;2024-11-22
be478144-7f38-4599-8bab-6639013a6f32;bmw;118;118i 5p. Msport;24000;08-2021;23900;Torino Auto Spa;Alberto Fontana • IT-10137 Torino - To;2024-11-22
5cdaacb7-a1ff-4f81-9881-0ec62e71ec57;bmw;x3;xdrive25d Msport 231cv auto PELLE+FULL LED+TETTO P;60778;11-2018;35990;Torino Auto Spa;Alberto Fontana • IT-10137 Torino - To;2024-11-22
1fab5c17-c664-4dec-8692-fef66d26f0a8;bmw;218;d Gran Tourer 7posti Advantage Business TETTO KM C;97224;10-2018;16780;Torino Auto Spa;Alberto Fontana • IT-10137 Torino - To;2024-11-22
6e2cec8a-c876-40c7-8c42-ed9f4d26bea7;bmw;120;120i 5p Msport;185000;10-2018;16000;Torino Auto Spa;Alberto Fontana • IT-10137 Torino - To;2024-11-22
4e5fe27d-64ea-48d8-a052-8a52d5b2f518;bmw;520;d 48V xDrive Luxury;115220;01-2021;33500;Torino Auto Spa;Alberto Fontana • IT-10137 Torino - To;2024-11-22
add0749d-a6a4-409d-836f-0a80595a4e41;bmw;520;d xDrive Msport;113365;06-2018;26900;Torino Auto Spa;Alberto Fontana • IT-10137 Torino - To;2024-11-22
d60123c8-59cf-4ed1-9c10-f1d3c3444aaf;bmw;430;430i Gran Coupé Msport;81000;12-2018;29000;Torino Auto Spa;Alberto Fontana • IT-10137 Torino - To;2024-11-22
d36adb2f-963d-41b6-8021-8e8797f94580;bmw;116;5p 116Cv Iva deducibile - PREZZO REALE;110000;07-2018;14400;Torino Auto Spa;Alberto Fontana • IT-10137 Torino - To;2024-11-22
8e97beef-f46e-4268-bd25-b3ccc535ee96;bmw;118;118i Msport 140cv;50000;01-2020;20900;Torino Auto Spa;Alberto Fontana • IT-10137 Torino - To;2024-11-22
86ddff2b-f51b-4c88-bf30-fcdffd1c0d69;bmw;118;118i 5p. Msport;25000;08-2021;23900;Torino Auto Spa;Alberto Fontana • IT-10137 Torino - To;2024-11-22
b29f4633-85db-4cf9-a5fb-f718f40a67d6;bmw;420;d Coupe xdrive Msport auto;38001;11-2019;30900;Torino Auto Spa;Alberto Fontana • IT-10137 Torino - To;2024-11-22
9574c137-eaff-40bd-ad7e-9f3ff2f7982b;bmw;530;d Touring Business 265cv auto;125600;02-2018;23000;Torino Auto Spa;Alberto Fontana • IT-10137 Torino - To;2024-11-22
92dd3e05-eec7-4b8a-a65f-241554482fb1;bmw;x2;sDrive20d Msport-X;88737;06-2020;24960;Torino Auto Spa;Alberto Fontana • IT-10137 Torino - To;2024-11-22
917b1dba-6911-45bb-9e19-94f0b2c57183;bmw;x1;X1 xdrive25e Business Advantage auto;26300;05-2021;24990;Torino Auto Spa;Alberto Fontana • IT-10137 Torino - To;2024-11-22
9fa30810-2001-47cf-b252-3bb2f44d3738;bmw;216;d Active Tourer Auto. Advantage *39.000 Km*;39000;10-2019;18500;Torino Auto Spa;Alberto Fontana • IT-10137 Torino - To;2024-11-22
8b2d3624-bd7e-49e4-91ea-1d6afd7dbc1f;bmw;x1;*150CV*X-LINE*S-DRIVE*PELLE*UNICOPROPRIETARIO*;119000;03-2021;23990;Torino Auto Spa;Alberto Fontana • IT-10137 Torino - To;2024-11-22
c308244b-1871-4213-b3a4-eeb7aec9d49d;bmw;116;116d Sport auto;66308;11-2020;21900;Torino Auto Spa;Alberto Fontana • IT-10137 Torino - To;2024-11-22
4250bbff-6d95-4900-bbd4-f9478453b945;bmw;x3;xDrive20d Business Advantage;51019;08-2019;28450;Torino Auto Spa;Alberto Fontana • IT-10137 Torino - To;2024-11-22
3bf9867b-b478-4e16-b443-1e90a73ca610;bmw;520;d xdrive Business auto * PREZZO REALE*;95877;07-2019;24900;Torino Auto Spa;Alberto Fontana • IT-10137 Torino - To;2024-11-22
6e6ae0b6-d199-4d2e-96ec-d525bfb48e1e;bmw;730;d xDrive Eccelsa;226135;02-2018;25900;CLD Auto Srl;Claudio G. • IT-10147 Torino;2024-11-22
b9917060-2cf2-4ebe-b2dc-c52d375d7169;bmw;x1;sdrive18d Business my18 * TAGLIANDI CERTIFICATI *;77000;10-2018;18900;CLD Auto Srl;Claudio G. • IT-10147 Torino;2024-11-22
60fa14c5-2547-427a-a17e-f695e0cd9c1f;bmw;x1;sdrive 18d xLine X LINE UNICOPROP GARANZIA 24 MESI;136174;07-2018;19899;CLD Auto Srl;Claudio G. • IT-10147 Torino;2024-11-22
991f5119-3b9d-4041-ab47-fa5ff243b538;bmw;x1;xdrive25d Msport auto;80985;01-2020;29400;CLD Auto Srl;Claudio G. • IT-10147 Torino;2024-11-22
40152cb4-d16c-47ca-8d59-676a49accbf5;bmw;116;Serie 1 5 Porte 116d SCR Business Advantage DCT;84554;01-2021;20950;CLD Auto Srl;Claudio G. • IT-10147 Torino;2024-11-22
d5cde95c-ee3e-411b-9588-fa95fa79aee2;bmw;740;d xdrive IVA ESPOSTA SERVICE BMW EURO 6D TEMP FULL;140000;01-2020;44900;CLD Auto Srl;Claudio G. • IT-10147 Torino;2024-11-22
8494392a-ad6e-4006-8d51-f353d0110443;bmw;225;225xe Active Tourer iPerformance Advantage aut.*C;110000;10-2019;14900;CLD Auto Srl;Claudio G. • IT-10147 Torino;2024-11-22
040266a8-7324-41a8-a52e-1ca07d1ef1ac;bmw;530;d 48V xDrive TOURING Msport *STUPENDA*UNIPROP*TETT;114980;09-2021;42900;CLD Auto Srl;Claudio G. • IT-10147 Torino;2024-11-22
5a960c2b-585c-4b83-864d-b9f09051c7d8;bmw;x1;sDrive18d xLine;141000;05-2018;18000;CLD Auto Srl;Claudio G. • IT-10147 Torino;2024-11-22
30a56885-5f03-4a76-af54-a32cecd4559f;bmw;418;Gran Coupé Advantage Auto;30000;01-2020;26490;CLD Auto Srl;Claudio G. • IT-10147 Torino;2024-11-22
da86060a-29bf-4beb-9cdc-803a5c4ffd14;bmw;220;d Gran Tourer Business 7p.ti auto APPLE CARPLAY+PE;87203;11-2019;21990;CLD Auto Srl;Claudio G. • IT-10147 Torino;2024-11-22
6ab89e62-7efd-4381-96f4-45e3a9ad09c3;bmw;530;d Touring Business 265cv auto;125600;02-2018;23000;CLD Auto Srl;Claudio G. • IT-10147 Torino;2024-11-22
fff72048-c0cc-42cf-b872-dc35ae183100;bmw;116;SERIE 1 116I URBAN;90000;06-2018;14000;CLD Auto Srl;Claudio G. • IT-10147 Torino;2024-11-22
92680d6c-dfaa-46b7-8b97-2c8d87a97845;bmw;x3;xDrive 30e Business Advantage auto;60000;03-2021;27490;CLD Auto Srl;Claudio G. • IT-10147 Torino;2024-11-22
4c518c6c-8c51-4f91-8b9b-8c1134950ace;bmw;120;120i 3p Msport;110500;03-2018;19900;CLD Auto Srl;Claudio G. • IT-10147 Torino;2024-11-22
8eba4309-91f7-4c37-b7c8-f2f13c579f63;bmw;x4;xDrive 20d mSport EU6D-Temp;129500;05-2019;34400;CLD Auto Srl;Claudio G. • IT-10147 Torino;2024-11-22
949369fb-bbb2-439d-b432-187e4114d3b9;bmw;218;i Gran Coupé M sport;28180;03-2021;27800;CLD Auto Srl;Claudio G. • IT-10147 Torino;2024-11-22
ac5a4e11-5882-4430-81f2-7f77fc366ef7;bmw;318;d Touring Business Advantage aut.;240790;04-2019;13400;CLD Auto Srl;Claudio G. • IT-10147 Torino;2024-11-22
0af14454-641d-47a5-942f-af9b4b07d521;bmw;730;730d xDrive 48V;177000;11-2020;39900;CLD Auto Srl;Claudio G. • IT-10147 Torino;2024-11-22
f0780762-9b78-41fb-bc64-1b762680494f;bmw;330;Touring Msport;94800;05-2019;28490;CLD Auto Srl;Claudio G. • IT-10147 Torino;2024-11-22
ba7cd9b3-4e1f-4373-8975-5120395e92d8;bmw;318;F30 2015 Berlina Diese 318d Luxury auto;26260;12-2018;20900;Biauto Group Torino;Team Web • IT-10036 Settimo Torinese - Torino - To;2024-11-22
0f1cd966-a27f-4fcf-a2b3-b0efa91a14ea;bmw;x7;xDrive30d 7 P.TI;90508;09-2020;57500;Biauto Group Torino;Team Web • IT-10036 Settimo Torinese - Torino - To;2024-11-22
7ba08f8e-78cb-4122-80d7-8bbcf75515d7;bmw;520;d xdrive Luxury auto;145197;03-2019;24900;Biauto Group Torino;Team Web • IT-10036 Settimo Torinese - Torino - To;2024-11-22
a973b212-00d6-4015-8c93-482c8b5736b7;bmw;x4;xDrive20d Business Advantage Aut. 190CV;138900;11-2018;29700;Biauto Group Torino;Team Web • IT-10036 Settimo Torinese - Torino - To;2024-11-22
c25b5d52-fafc-4089-8e15-b4625cf511c3;bmw;218;218d Active Tourer auto;129800;03-2018;12499;Biauto Group Torino;Team Web • IT-10036 Settimo Torinese - Torino - To;2024-11-22
60f5ba8f-f49d-436f-a093-39a4acd6673a;bmw;318;i Business Advantage EU6;68900;05-2018;16900;Biauto Group Torino;Team Web • IT-10036 Settimo Torinese - Torino - To;2024-11-22
13a78217-daaa-4d58-884c-9c9c844dd7e4;bmw;x3;XDrive20d Business Advantage 190cv Auto;70691;01-2019;27400;Biauto Group Torino;Team Web • IT-10036 Settimo Torinese - Torino - To;2024-11-22
2f9dcd17-a988-4ca6-a8a3-1fd9a88790e8;bmw;116;116d 5p.;73000;10-2019;16500;Biauto Group Torino;Team Web • IT-10036 Settimo Torinese - Torino - To;2024-11-22
eb750fae-f605-4816-be53-fd223c0edbd6;bmw;x3;xdrive20d Business Advantage 190cv auto;140000;09-2018;23500;Biauto Group Torino;Team Web • IT-10036 Settimo Torinese - Torino - To;2024-11-22
e7113538-8cae-4e4f-a626-826a8e957170;bmw;z4;sdrive 20i Msport auto 197CV   FULL-OPTIONAL!!;83000;10-2019;35900;Biauto Group Torino;Team Web • IT-10036 Settimo Torinese - Torino - To;2024-11-22
d24ad9c0-0a6c-4fc1-b493-0b2cbf7f4c05;bmw;x2;sdrive18i Msport 140cv;49740;07-2018;24900;Biauto Group Torino;Team Web • IT-10036 Settimo Torinese - Torino - To;2024-11-22
2a58c7de-4709-4085-8da5-9a590553a9b1;bmw;x2;"sDrive20d Msport +19""+Pelle+Hud";68000;03-2021;30500;Biauto Group Torino;Team Web • IT-10036 Settimo Torinese - Torino - To;2024-11-22
ee61af2c-5925-41b2-9558-c8db4afcd72f;bmw;520;520d mhev 48V Msport auto;40940;06-2021;36490;Biauto Group Torino;Team Web • IT-10036 Settimo Torinese - Torino - To;2024-11-22
c2551b47-f01f-4228-9246-f847ef4ba910;bmw;x4 m;X4 xdrive M40d mhev 48V auto;144375;05-2021;39900;Biauto Group Torino;Team Web • IT-10036 Settimo Torinese - Torino - To;2024-11-22
c9b11b73-101d-4183-8d92-f34691dad718;bmw;216;d Active Tourer Advantage;56500;06-2021;19900;Biauto Group Torino;Team Web • IT-10036 Settimo Torinese - Torino - To;2024-11-22
e347d26e-1159-4dc4-a545-a7b08c7853c6;bmw;x2;xdrive20d auto;47750;11-2018;25900;Biauto Group Torino;Team Web • IT-10036 Settimo Torinese - Torino - To;2024-11-22
fe29364f-1059-4af5-a452-3a01431781d8;bmw;x2;sdrive18d Business X auto * PREZZO REALE *;74463;01-2019;22500;Biauto Group Torino;Team Web • IT-10036 Settimo Torinese - Torino - To;2024-11-22
6138128f-86eb-409a-bd21-535386606ffc;bmw;320;- 320d 48V Touring Msport;83098;03-2021;31999;Biauto Group Torino;Team Web • IT-10036 Settimo Torinese - Torino - To;2024-11-22
756bf0c9-88bb-4d94-846d-4f8a21db98ae;bmw;z4;"sdrive 20i Msport auto  -19"" - Carplay - Live Cock";39000;11-2019;41500;Biauto Group Torino;Team Web • IT-10036 Settimo Torinese - Torino - To;2024-11-22
27cefe60-c537-442b-9637-44997077e69f;bmw;118;118i Advantage 136cv auto;86000;08-2022;18500;Biauto Group Torino;Team Web • IT-10036 Settimo Torinese - Torino - To;2024-11-22
250bff01-d3f5-4e26-b9cb-743bede208ee;bmw;325;d xDrive Touring Msport;217024;10-2018;11890;Auto7 srl;Auto7 Ilenia • IT-20045 Lainate - Mi;2024-11-22
0a49dd49-dd40-4c4a-b046-b4583b7760c2;bmw;x3;X3 xdrive30d   MHEV  48V  * MSPORT  249cv *  auto;138440;09-2021;33990;Auto7 srl;Auto7 Ilenia • IT-20045 Lainate - Mi;2024-11-22
cb5c94a8-c424-452d-9dd1-3b7587ef2aa1;bmw;320;d xDrive Sport auto Fari LED Navi PRO Cerchi 19;119000;05-2019;20600;Auto7 srl;Auto7 Ilenia • IT-20045 Lainate - Mi;2024-11-22
e7546d8a-4eb7-4c7b-a4c4-2b01c82e39d8;bmw;225;XE IPERFOMANCE BUSINESS AUTOMATICA;72360;12-2018;15900;Auto7 srl;Auto7 Ilenia • IT-20045 Lainate - Mi;2024-11-22
e268cef5-ff00-403c-81f5-6cf1f27718ea;bmw;420;BMW 420i Msport Gran Coupè;20000;01-2020;32990;Auto7 srl;Auto7 Ilenia • IT-20045 Lainate - Mi;2024-11-22
e57e07b5-49c7-41da-8a5e-78285accfe07;bmw;116;d 5p. Msport AUTOMATICA;79984;06-2020;24900;Auto7 srl;Auto7 Ilenia • IT-20045 Lainate - Mi;2024-11-22
bdd1a278-8654-44a3-9535-be332fc55989;bmw;x1;xDrive18d xLine MOLTO BELLO;180000;06-2020;16900;Auto7 srl;Auto7 Ilenia • IT-20045 Lainate - Mi;2024-11-22
6e5e4ccb-a896-4b3f-b4ea-aae3577e197a;bmw;x6 m;M 50 D TAGLIANDI GRATUITI;76000;11-2020;67800;Auto7 srl;Auto7 Ilenia • IT-20045 Lainate - Mi;2024-11-22
6900aa87-cd1f-49fc-bd8f-a3c104107e1d;bmw;420;d Coupé MSport - ADAS/NAVI/TELECAMERA/DAB;67000;02-2020;26750;Auto7 srl;Auto7 Ilenia • IT-20045 Lainate - Mi;2024-11-22
9918a413-56c2-45eb-9df6-d7ebc1458028;bmw;116;i 5p.;28300;10-2021;19900;Auto7 srl;Auto7 Ilenia • IT-20045 Lainate - Mi;2024-11-22
c0c4d59d-911e-45c8-bd55-cd1acb25095f;bmw;x2;sdrive18i Business X 136cv Auto+Navy km 7200;7200;03-2022;29500;Auto7 srl;Auto7 Ilenia • IT-20045 Lainate - Mi;2024-11-22
4385297c-f8ba-4b6f-bfc3-4e4ffc24413d;bmw;x3;sDrive 18D Business Advantage;49000;06-2020;28990;Auto7 srl;Auto7 Ilenia • IT-20045 Lainate - Mi;2024-11-22
a8cc51fd-e73b-4c96-ac0c-d9ae6d8c44ac;bmw;x2;X2 xdrive20d Msport X auto;93000;05-2018;24900;Auto7 srl;Auto7 Ilenia • IT-20045 Lainate - Mi;2024-11-22
459db710-5a95-4795-b5db-04bda2e791c6;bmw;420;420d Coupe mhev 48V Msport auto;88907;09-2022;39900;Auto7 srl;Auto7 Ilenia • IT-20045 Lainate - Mi;2024-11-22
71cdfb90-258e-4e14-a028-120968acc778;bmw;x1;(F48) X1 sDrive16d Msport;39632;01-2021;27900;Auto7 srl;Auto7 Ilenia • IT-20045 Lainate - Mi;2024-11-22
63fd5470-0115-4fa0-9994-8a118b5007a8;bmw;420;"d Coupe mhev 48V xdrive Msport auto - 19"" - FULL";18000;09-2022;44900;Auto7 srl;Auto7 Ilenia • IT-20045 Lainate - Mi;2024-11-22
394313aa-e3a3-42e1-ae8c-0f3e4857fbe7;bmw;x1;xDrive20d Msport;100669;07-2021;24960;Auto7 srl;Auto7 Ilenia • IT-20045 Lainate - Mi;2024-11-22
2f72e0a4-d38b-49f6-8c55-966a9af1a9e7;bmw;118;d sport auto;64155;07-2021;24820;Auto7 srl;Auto7 Ilenia • IT-20045 Lainate - Mi;2024-11-22
0ed77c13-9e82-48f4-b1f7-eb7e03d2382e;bmw;118;i 5 Porte mSport EU6;107400;06-2020;18900;Auto7 srl;Auto7 Ilenia • IT-20045 Lainate - Mi;2024-11-22
672529f7-7f1d-4ac8-8ded-6e4be0d3e426;bmw;430;d xDrive Gran Coupé Luxury TETTO PANORAMICO;107000;01-2020;24800;Auto7 srl;Auto7 Ilenia • IT-20045 Lainate - Mi;2024-11-22
95b8a156-80a4-4f2f-bff4-6cb14db0a9e7;bmw;x3 m;X3 xDrive20d Msport;176000;10-2018;21990;2 K S.a.s. di Ismaili Ilir & C;Ilir Ismaili • IT-44124 Ferrara - FE;2024-11-22
df17accc-02a5-4631-9dc7-e3259667a397;bmw;x4;xDriveM40d TETTO-SPECCHI TITANIO CERCHI 20  LED;70178;05-2019;43800;2 K S.a.s. di Ismaili Ilir & C;Ilir Ismaili • IT-44124 Ferrara - FE;2024-11-22
8ebeeee3-2828-45c0-88dc-b2b744272efb;bmw;x1;F48 2019 - X1 xdrive20d xLine auto;50121;02-2020;30900;2 K S.a.s. di Ismaili Ilir & C;Ilir Ismaili • IT-44124 Ferrara - FE;2024-11-22
5a57667d-f20c-4635-abbb-fe51633dce27;bmw;x1;sDrive 18d Business Advantage EU6;69900;03-2020;23900;2 K S.a.s. di Ismaili Ilir & C;Ilir Ismaili • IT-44124 Ferrara - FE;2024-11-22
43c7de14-8aa8-43f3-bffb-0e6156d7b23e;bmw;128;128ti auto 265CV UFFICIALE ITALIANA-SERVICE BMW;48000;02-2021;32990;2 K S.a.s. di Ismaili Ilir & C;Ilir Ismaili • IT-44124 Ferrara - FE;2024-11-22
d6c84634-f667-4e99-b27c-3e46ae62754a;bmw;116;116d Msport M sport auto;49000;03-2021;27890;2 K S.a.s. di Ismaili Ilir & C;Ilir Ismaili • IT-44124 Ferrara - FE;2024-11-22
0b877e86-6b6d-4c6b-8473-722b382096f4;bmw;i3;"120Ah - 20"" - Keyless - Carplay - IVA Esposta";60000;02-2020;19500;2 K S.a.s. di Ismaili Ilir & C;Ilir Ismaili • IT-44124 Ferrara - FE;2024-11-22
0c2baf18-cc08-477d-8572-88b5596d01a2;bmw;x1;xDrive18d xLine;116500;05-2018;19900;2 K S.a.s. di Ismaili Ilir & C;Ilir Ismaili • IT-44124 Ferrara - FE;2024-11-22
e0d8a95d-b099-4c04-8b4d-080924a0d30d;bmw;118;"i Msport 140cv auto - 19"" - Led -Pack Luci interne";39000;10-2020;27900;2 K S.a.s. di Ismaili Ilir & C;Ilir Ismaili • IT-44124 Ferrara - FE;2024-11-22
c9864b62-baa7-4316-87c2-b06414501c11;bmw;118;118i 5p. Luxury;45900;03-2020;21900;2 K S.a.s. di Ismaili Ilir & C;Ilir Ismaili • IT-44124 Ferrara - FE;2024-11-22
f5c02abe-c5b6-4dda-96e6-2abf0e7e6360;bmw;x3;xdrive20d xLine 190cv auto;81307;06-2020;32500;2 K S.a.s. di Ismaili Ilir & C;Ilir Ismaili • IT-44124 Ferrara - FE;2024-11-22
11ce7398-ce3d-4f8e-84cd-4059fe0844e4;bmw;unknown;Serie 1       (F20) 116i 5p. Urban;48402;03-2019;17900;2 K S.a.s. di Ismaili Ilir & C;Ilir Ismaili • IT-44124 Ferrara - FE;2024-11-22
c9f15803-be3f-4c20-8b4b-7720a32aa5a9;bmw;320;320d Touring Msport auto *TETTO E GANCIO TRAINO*;35000;02-2022;38900;2 K S.a.s. di Ismaili Ilir & C;Ilir Ismaili • IT-44124 Ferrara - FE;2024-11-22
b8a2cf87-9ac0-4680-b30e-ee901a260b41;bmw;118;i M sport 136cv sedili sportivi M;38554;06-2021;26999;2 K S.a.s. di Ismaili Ilir & C;Ilir Ismaili • IT-44124 Ferrara - FE;2024-11-22
21612040-3901-4988-987d-b66bcb795a10;bmw;i3;s 120Ah Advantage;32453;04-2022;23500;2 K S.a.s. di Ismaili Ilir & C;Ilir Ismaili • IT-44124 Ferrara - FE;2024-11-22
677aba31-549e-4442-b0e3-67e0c61aafd2;bmw;520;d xDrive Msport;113365;06-2018;26900;2 K S.a.s. di Ismaili Ilir & C;Ilir Ismaili • IT-44124 Ferrara - FE;2024-11-22
12a22f98-ca9b-4858-b332-146ba55512d8;bmw;530;d xDrive 249CV Touring Business;114334;02-2018;24900;2 K S.a.s. di Ismaili Ilir & C;Ilir Ismaili • IT-44124 Ferrara - FE;2024-11-22
39545223-1170-4133-8c62-562906a1df67;bmw;118;118i M-sport M SPORT;50000;08-2021;21900;2 K S.a.s. di Ismaili Ilir & C;Ilir Ismaili • IT-44124 Ferrara - FE;2024-11-22
c1c0d1dd-31a6-465e-81aa-8fef84e53978;bmw;118;i 5p. Business Advantage *PREZZO PROMO*;15400;03-2022;26490;2 K S.a.s. di Ismaili Ilir & C;Ilir Ismaili • IT-44124 Ferrara - FE;2024-11-22
44c4a8ee-8614-4dfb-952b-2cb319796810;bmw;x1;xDrive25e Business Advantage;35021;11-2020;23890;2 K S.a.s. di Ismaili Ilir & C;Ilir Ismaili • IT-44124 Ferrara - FE;2024-11-22
9ef30f77-9018-4f26-a204-3136a54f936c;bmw;118;d 2.0d 5p. Msport Aut.;170462;02-2018;15800;Centrauto Srl;Luca Milivinti • IT-23014 Andalo Valtellino - Sondrio - So;2024-11-22
8756cc0b-50d5-475b-8e32-def38de977e1;bmw;118;118i 5p. Msport Virtual Tetto;31500;11-2021;24900;Centrauto Srl;Luca Milivinti • IT-23014 Andalo Valtellino - Sondrio - So;2024-11-22
08cb36a0-4cf4-40e3-910c-efc65d94bae0;bmw;520;520d Touring mhev 48V xdrive Msport auto;50600;07-2020;44900;Centrauto Srl;Luca Milivinti • IT-23014 Andalo Valtellino - Sondrio - So;2024-11-22
f9e7c5b0-6004-470a-9d78-fb9a0ae4124d;bmw;x3;xDrive 20i xLine;89266;08-2018;23199;Centrauto Srl;Luca Milivinti • IT-23014 Andalo Valtellino - Sondrio - So;2024-11-22
4fe62866-86be-4e27-9a6c-73b719bc81bf;bmw;x6 m;X6 M50d 3.000 Quadriturbo Tetto Panoramico;76000;11-2020;65000;Centrauto Srl;Luca Milivinti • IT-23014 Andalo Valtellino - Sondrio - So;2024-11-22
91be9aa8-ed7e-4756-8503-f5f218f9f319;bmw;530;d 265cv xDrive Sport Auto Navi Cruise Fari LED;19000;08-2019;34800;Centrauto Srl;Luca Milivinti • IT-23014 Andalo Valtellino - Sondrio - So;2024-11-22
5e2be241-c62d-4823-b47c-19aa5189d9bf;bmw;730;d xDrive Luxury;104000;01-2019;39000;Centrauto Srl;Luca Milivinti • IT-23014 Andalo Valtellino - Sondrio - So;2024-11-22
f4ea500e-7461-47ff-997e-ee0f3b9e8b33;bmw;530;e Msport auto;95000;09-2020;39500;Centrauto Srl;Luca Milivinti • IT-23014 Andalo Valtellino - Sondrio - So;2024-11-22
c28e9dec-60d4-4a41-877a-a654e4546da5;bmw;x1;sDrive18i Advantage LED NAVI AUTOMATICA;36985;04-2019;24900;Centrauto Srl;Luca Milivinti • IT-23014 Andalo Valtellino - Sondrio - So;2024-11-22
97427b04-33db-4bdf-85a7-1743f44d6ec6;bmw;x2;F39 Diesel sdrive18d Msport X;23670;09-2021;27500;Centrauto Srl;Luca Milivinti • IT-23014 Andalo Valtellino - Sondrio - So;2024-11-22
aa5cbe32-9b89-42cb-aa25-39d47a61f626;bmw;x1;xdrive25e Advantage auto;65133;07-2021;25900;Centrauto Srl;Luca Milivinti • IT-23014 Andalo Valtellino - Sondrio - So;2024-11-22
bf81e64e-ced9-475d-b2ae-ec4310fb63d7;bmw;x1;xdrive20d xLine 4x4+AUTOM+PELLE+EURO 6D-TEMP;158000;07-2018;18400;Centrauto Srl;Luca Milivinti • IT-23014 Andalo Valtellino - Sondrio - So;2024-11-22
b3c3acd8-c3fb-4162-b7de-86d1dc2f7160;bmw;318;i Touring Business Advantage;65438;10-2019;17800;Centrauto Srl;Luca Milivinti • IT-23014 Andalo Valtellino - Sondrio - So;2024-11-22
9cfa5953-5a38-4b7f-98d5-48bf29d1d62c;bmw;118;118d Sport auto;54900;11-2020;25900;Centrauto Srl;Luca Milivinti • IT-23014 Andalo Valtellino - Sondrio - So;2024-11-22
6beb38e1-266e-4a7a-8254-8139be2eba41;bmw;420;420d Luxury Autom. StepTronic;195129;06-2018;17790;Centrauto Srl;Luca Milivinti • IT-23014 Andalo Valtellino - Sondrio - So;2024-11-22
931c03e6-5d7f-4612-b893-406263cbde7a;bmw;116;116d 5p. Sport;98000;01-2021;17500;Centrauto Srl;Luca Milivinti • IT-23014 Andalo Valtellino - Sondrio - So;2024-11-22
86993c6a-084d-411c-97f8-98334ceb35da;bmw;218;218d Gran Coupé Msport aut;70000;02-2021;29900;Centrauto Srl;Luca Milivinti • IT-23014 Andalo Valtellino - Sondrio - So;2024-11-22
c7b3bfae-385a-4705-ba56-482a5e60949d;bmw;x5;xDrive30d Luxury 249cv;141253;10-2018;29500;Centrauto Srl;Luca Milivinti • IT-23014 Andalo Valtellino - Sondrio - So;2024-11-22
b3f2b894-f7bd-40d7-8f71-0324478de0fc;bmw;x3;xdrive20d Msport 190cv auto;50000;05-2018;35999;Centrauto Srl;Luca Milivinti • IT-23014 Andalo Valtellino - Sondrio - So;2024-11-22
ea1c9dbe-baf8-4af1-9fff-858d33f4655f;bmw;x3;xdrive20d Business Advantage 190cv auto*IVA ESPOS*;99900;12-2019;24999;Centrauto Srl;Luca Milivinti • IT-23014 Andalo Valtellino - Sondrio - So;2024-11-22
5e715a62-2fe6-4187-bff7-3d905f8159d0;bmw;318;d Msport auto;73104;03-2020;27990;Dalma Srl;Video chiamata per usato Video chiamata per commerciali - video chiamata per nuovo -  numero generale (no videochiaamta) • IT-20033 Solaro MI;2024-11-22
931c0d9c-f677-49de-b2e1-86a51615290f;bmw;320;320 d xDrive Touring Sport;97574;05-2019;18910;Dalma Srl;Video chiamata per usato Video chiamata per commerciali - video chiamata per nuovo -  numero generale (no videochiaamta) • IT-20033 Solaro MI;2024-11-22
b2e1c1f4-b937-4ddb-9d24-ae68a81fc579;bmw;520;*M-SPORT*FARI LASER*UNIPRO*SEDILI VENTILATI*;210000;10-2020;27990;Dalma Srl;Video chiamata per usato Video chiamata per commerciali - video chiamata per nuovo -  numero generale (no videochiaamta) • IT-20033 Solaro MI;2024-11-22
a5ca4c52-d919-4e44-b8a9-e9930ca10324;bmw;218;d Gran Tourer 2.0 150CV Business Auto 7p.ti;73017;05-2020;22232;Dalma Srl;Video chiamata per usato Video chiamata per commerciali - video chiamata per nuovo -  numero generale (no videochiaamta) • IT-20033 Solaro MI;2024-11-22
d3cc587f-61af-436b-a5bf-379b2668d866;bmw;x2;F39 Diesel xdrive18d Business X auto;55854;06-2019;24900;Dalma Srl;Video chiamata per usato Video chiamata per commerciali - video chiamata per nuovo -  numero generale (no videochiaamta) • IT-20033 Solaro MI;2024-11-22
4a25e4bc-a047-4d67-b0b5-7caba243d2ea;bmw;120;120i 5p Msport auto;80000;07-2018;24500;Dalma Srl;Video chiamata per usato Video chiamata per commerciali - video chiamata per nuovo -  numero generale (no videochiaamta) • IT-20033 Solaro MI;2024-11-22
86b4f31a-2056-4dce-93ad-a1644e122cac;bmw;520;d xDrive Touring Luxury;240000;09-2018;16500;Dalma Srl;Video chiamata per usato Video chiamata per commerciali - video chiamata per nuovo -  numero generale (no videochiaamta) • IT-20033 Solaro MI;2024-11-22
12ee14ce-bfc8-4e4f-9f3b-33e51091f13d;bmw;x1;(F48) sDrive18d Business;119054;06-2019;21500;Dalma Srl;Video chiamata per usato Video chiamata per commerciali - video chiamata per nuovo -  numero generale (no videochiaamta) • IT-20033 Solaro MI;2024-11-22
594bbd0a-d12e-46c3-8fbf-bf1b85080cdb;bmw;x3;xDrive30e Business Advantage *IVA Esposta*;59000;05-2021;31900;Dalma Srl;Video chiamata per usato Video chiamata per commerciali - video chiamata per nuovo -  numero generale (no videochiaamta) • IT-20033 Solaro MI;2024-11-22
29cad474-a538-4174-b273-542f716c1b19;bmw;116;116D Sport automatico // SERVICE BMW \\ NO VINCOLI;91000;04-2021;20900;Dalma Srl;Video chiamata per usato Video chiamata per commerciali - video chiamata per nuovo -  numero generale (no videochiaamta) • IT-20033 Solaro MI;2024-11-22
0502128a-6815-4c45-bbd7-356f83d01a95;bmw;116;d 5p. Advantage;53000;04-2019;16300;Dalma Srl;Video chiamata per usato Video chiamata per commerciali - video chiamata per nuovo -  numero generale (no videochiaamta) • IT-20033 Solaro MI;2024-11-22
e3301464-518e-4c93-b552-4293eed80c32;bmw;320;320d Touring Business Advantage;171000;03-2019;13900;Dalma Srl;Video chiamata per usato Video chiamata per commerciali - video chiamata per nuovo -  numero generale (no videochiaamta) • IT-20033 Solaro MI;2024-11-22
806a077c-ac92-4eb3-b7d4-567abf633e93;bmw;216;D ACTIVE TOURER-SENSORI-CRUISE C-E6D-BLUETOOTH-;190000;05-2019;9900;Dalma Srl;Video chiamata per usato Video chiamata per commerciali - video chiamata per nuovo -  numero generale (no videochiaamta) • IT-20033 Solaro MI;2024-11-22
8c6613eb-81fd-4078-85b3-272b0e5cc3fc;bmw;116;116d 5p. Urban;67723;07-2018;17490;Dalma Srl;Video chiamata per usato Video chiamata per commerciali - video chiamata per nuovo -  numero generale (no videochiaamta) • IT-20033 Solaro MI;2024-11-22
2e86e6ac-fce8-40fe-a137-a4abafbf7af6;bmw;x1;xdrive18d xLine auto;75800;10-2020;26700;Dalma Srl;Video chiamata per usato Video chiamata per commerciali - video chiamata per nuovo -  numero generale (no videochiaamta) • IT-20033 Solaro MI;2024-11-22
0e3dcbb7-a9c0-477e-87eb-efccb219f8f8;bmw;x2;sDrive 18d Business-X;115722;12-2018;17999;Dalma Srl;Video chiamata per usato Video chiamata per commerciali - video chiamata per nuovo -  numero generale (no videochiaamta) • IT-20033 Solaro MI;2024-11-22
527acdfd-e7eb-4321-9923-4a1a58c08641;bmw;x1;xDrive20d Business Advantage;81050;10-2019;21900;Dalma Srl;Video chiamata per usato Video chiamata per commerciali - video chiamata per nuovo -  numero generale (no videochiaamta) • IT-20033 Solaro MI;2024-11-22
868e02e9-a15a-4cf1-8e13-4d33ecce53c0;bmw;118;i 5p. Sport;88000;06-2021;24500;Dalma Srl;Video chiamata per usato Video chiamata per commerciali - video chiamata per nuovo -  numero generale (no videochiaamta) • IT-20033 Solaro MI;2024-11-22
fd26f7de-96db-4c41-93d5-24ed077a6fc7;bmw;850;M 850i Coupe xdrive auto;21208;02-2022;74900;Dalma Srl;Video chiamata per usato Video chiamata per commerciali - video chiamata per nuovo -  numero generale (no videochiaamta) • IT-20033 Solaro MI;2024-11-22
800a4d28-707c-4927-893f-a655005b0715;bmw;216;216d Active Tourer automatica km 61137 Certificati;61137;03-2018;16277;Dalma Srl;Video chiamata per usato Video chiamata per commerciali - video chiamata per nuovo -  numero generale (no videochiaamta) • IT-20033 Solaro MI;2024-11-22
048e2c73-d09b-4bcd-8565-0e280f0e3f9e;bmw;118;118i 5p. Business Advantage;21000;04-2020;17900;Automobile Torino sas;Automobile Torino • IT-10034 Chivasso - Torino;2024-11-22
a47ce6d7-4a17-4b42-93ae-5c32f0fcc9e5;bmw;118;i 5p M.sport automatica;64000;07-2019;19900;Automobile Torino sas;Automobile Torino • IT-10034 Chivasso - Torino;2024-11-22
bf930321-8f5c-49c4-a622-c8f8a0b96d14;bmw;118;D UNIPROPR.|AUTOMATICA|TAGLIANDI BMW|RETROCAMERA;76800;02-2020;21850;Automobile Torino sas;Automobile Torino • IT-10034 Chivasso - Torino;2024-11-22
e358369e-e845-4083-9da4-a408dbb1185b;bmw;x6;xDrive30d 48V Msport;98600;03-2021;58500;Automobile Torino sas;Automobile Torino • IT-10034 Chivasso - Torino;2024-11-22
955f26f4-6dfa-49ad-91b8-ebb15931bb44;bmw;m4;M4 Coupe 3.0 Competition X-Drive;17300;07-2021;78900;Automobile Torino sas;Automobile Torino • IT-10034 Chivasso - Torino;2024-11-22
cc123808-d000-44b2-b8ce-e3baa00babd2;bmw;225;xe A.T. iPerformance Plug-in Hybrid Auto Navi;99000;04-2019;15400;Automobile Torino sas;Automobile Torino • IT-10034 Chivasso - Torino;2024-11-22
2acf3180-cc9b-4801-a255-1bf3649bde75;bmw;m4;M4 Competition;71465;03-2021;69444;Automobile Torino sas;Automobile Torino • IT-10034 Chivasso - Torino;2024-11-22
78938eb7-1ef6-4576-9a4a-f2f57514fa44;bmw;x3;"xDrive30e xLine ""KM CERTIFICATI""UFF ITALIANA""";103700;09-2020;31400;Automobile Torino sas;Automobile Torino • IT-10034 Chivasso - Torino;2024-11-22
b9eb8c1e-b578-4280-b3a8-ed4695a099df;bmw;x1;X1 xdrive18d Sport auto my18;118890;04-2019;19990;Automobile Torino sas;Automobile Torino • IT-10034 Chivasso - Torino;2024-11-22
07e08862-d191-425a-9b05-9cc5513177ec;bmw;420;"d xDrive 48V Msport ""KM CERTIFICATI""UFF ITALIANA""";115200;10-2021;35800;Automobile Torino sas;Automobile Torino • IT-10034 Chivasso - Torino;2024-11-22
41d48afa-425f-4950-9b8f-6e7bedd6a24f;bmw;316;d Touring Business Advantage aut.;72098;06-2018;16900;Automobile Torino sas;Automobile Torino • IT-10034 Chivasso - Torino;2024-11-22
e80feeff-b6c0-4eb3-9293-88c7769a2ab4;bmw;x5;xdrive30d Business auto;74135;05-2019;42900;Automobile Torino sas;Automobile Torino • IT-10034 Chivasso - Torino;2024-11-22
ae862da0-3f15-4b6b-9543-6d4b8b648ef2;bmw;x1;X1 sdrive18d xLine auto IVA esposta;100000;02-2021;24900;Automobile Torino sas;Automobile Torino • IT-10034 Chivasso - Torino;2024-11-22
fc01cd00-43c7-4277-9e01-db3e7f1cd7af;bmw;420;d Coupe Msport auto;120550;01-2018;23900;Automobile Torino sas;Automobile Torino • IT-10034 Chivasso - Torino;2024-11-22
fc4e6617-4ccb-45a2-8d9b-11f1e44291d7;bmw;x3;xDrive 20d Business Advantage;142101;09-2019;21699;Automobile Torino sas;Automobile Torino • IT-10034 Chivasso - Torino;2024-11-22
ef25c627-8680-4617-9d5b-bb9e6eacf761;bmw;320;d 48V Business Advantage;163000;09-2020;20900;Automobile Torino sas;Automobile Torino • IT-10034 Chivasso - Torino;2024-11-22
d77ae8c2-2488-4c96-89e5-9bf5c698aef4;bmw;x3;xdrive20d xLine 190cv auto my19;62681;10-2020;34900;Automobile Torino sas;Automobile Torino • IT-10034 Chivasso - Torino;2024-11-22
ede59058-dd56-4faf-8d6a-505c85c6753b;bmw;x1;X1 xdrive25e Business Advantage auto;36469;05-2021;23990;Automobile Torino sas;Automobile Torino • IT-10034 Chivasso - Torino;2024-11-22
794daf6a-b21d-48cf-aa4c-2aa6096efc68;bmw;340;M340i xdrive auto;39220;06-2021;44400;Automobile Torino sas;Automobile Torino • IT-10034 Chivasso - Torino;2024-11-22
44305278-59c5-4685-9480-72575491f25a;bmw;x1;sdrive18d xLine auto *IVA ESPOSTA*;145000;06-2020;20999;Automobile Torino sas;Automobile Torino • IT-10034 Chivasso - Torino;2024-11-22
936c36b2-ab2d-433f-8030-66a588f3c1a5;bmw;x1;X1 sdrive18d Advantage;62750;10-2019;21500;Jolly Auto  AP Trading Srl;Alessandro Pavesi - Cesare Dastoli • IT-26010 Cremosano - Crema - Cr;2024-11-22
0591e826-9243-4f44-bf1c-e1d5222ab9de;bmw;x3;xDrive20d 48V Msport;46300;01-2022;45700;Jolly Auto  AP Trading Srl;Alessandro Pavesi - Cesare Dastoli • IT-26010 Cremosano - Crema - Cr;2024-11-22
9e6fce1f-b8ea-4f03-a106-81e450003501;bmw;118;118d 5p. Urban;98282;01-2019;16400;Jolly Auto  AP Trading Srl;Alessandro Pavesi - Cesare Dastoli • IT-26010 Cremosano - Crema - Cr;2024-11-22
1fe97329-f92c-4a32-9250-f7eaa947d0d7;bmw;118;118d 5p Advantage auto;84500;05-2019;16000;Jolly Auto  AP Trading Srl;Alessandro Pavesi - Cesare Dastoli • IT-26010 Cremosano - Crema - Cr;2024-11-22
758c4501-2fab-4cc9-87fb-c74dd63b0114;bmw;m4;Serie 4 M Competition xDrive - IVA Esposta;39500;10-2021;72800;Jolly Auto  AP Trading Srl;Alessandro Pavesi - Cesare Dastoli • IT-26010 Cremosano - Crema - Cr;2024-11-22
45bfe123-3c42-4156-a3c9-3269f7bbec1e;bmw;x1;sDrive18d Msport;160786;08-2021;21900;Jolly Auto  AP Trading Srl;Alessandro Pavesi - Cesare Dastoli • IT-26010 Cremosano - Crema - Cr;2024-11-22
c24a9b00-76a0-4d67-b34f-d135f04a2dbd;bmw;216;216d Active Tourer Advantage auto my17;160000;07-2018;12499;Jolly Auto  AP Trading Srl;Alessandro Pavesi - Cesare Dastoli • IT-26010 Cremosano - Crema - Cr;2024-11-22
a94fd384-e30f-4efd-bd8e-511f4d0cddba;bmw;220;i Cabrio Sport aut. 185 cv;45000;07-2020;23900;Jolly Auto  AP Trading Srl;Alessandro Pavesi - Cesare Dastoli • IT-26010 Cremosano - Crema - Cr;2024-11-22
a6f115b5-5386-4313-8156-5207ed961a55;bmw;320;320d 48V xDrive Touring Msport 190cv Mhev;62000;12-2020;34900;Jolly Auto  AP Trading Srl;Alessandro Pavesi - Cesare Dastoli • IT-26010 Cremosano - Crema - Cr;2024-11-22
47770128-a181-4bea-9ec2-1a4de66adb8b;bmw;x5;xDrive25d Business;99900;11-2019;37900;Jolly Auto  AP Trading Srl;Alessandro Pavesi - Cesare Dastoli • IT-26010 Cremosano - Crema - Cr;2024-11-22
ac0398d9-340b-437e-ae70-a1be4aa42afd;bmw;220;220d Msport auto my18;164839;02-2019;22950;Jolly Auto  AP Trading Srl;Alessandro Pavesi - Cesare Dastoli • IT-26010 Cremosano - Crema - Cr;2024-11-22
e56e8038-03a3-4317-b8e4-ebb8a87b5a77;bmw;128;128ti auto iva esposta;56800;02-2022;36900;Jolly Auto  AP Trading Srl;Alessandro Pavesi - Cesare Dastoli • IT-26010 Cremosano - Crema - Cr;2024-11-22
77e45f7e-8610-49e7-b014-7f27a505b24b;bmw;320;d 48V xDrive Touring Advantage Cerchi 18''/CarPlay;122345;05-2021;26500;Jolly Auto  AP Trading Srl;Alessandro Pavesi - Cesare Dastoli • IT-26010 Cremosano - Crema - Cr;2024-11-22
c6f79017-b20e-4bdf-952e-66529c645fb9;bmw;118;d Msport auto;140114;07-2021;23800;Jolly Auto  AP Trading Srl;Alessandro Pavesi - Cesare Dastoli • IT-26010 Cremosano - Crema - Cr;2024-11-22
f8e17826-df4d-4a08-8972-0873185f14f4;bmw;x2 m;X2 sDrive18d Msport-X;50000;11-2019;27000;Jolly Auto  AP Trading Srl;Alessandro Pavesi - Cesare Dastoli • IT-26010 Cremosano - Crema - Cr;2024-11-22
5ab3d09c-a4ce-4ab2-a888-7f9b83f58136;bmw;218;218i Gran Coupé M sport AUTOMATICA;39000;06-2022;30900;Jolly Auto  AP Trading Srl;Alessandro Pavesi - Cesare Dastoli • IT-26010 Cremosano - Crema - Cr;2024-11-22
8698acc9-a376-41a1-aafb-ccd81cda142c;bmw;m3;3.0 Competition auto;40625;09-2021;78800;Jolly Auto  AP Trading Srl;Alessandro Pavesi - Cesare Dastoli • IT-26010 Cremosano - Crema - Cr;2024-11-22
d0b03a95-589c-43a5-9530-3ebc14160ece;bmw;x2;18i sDrive Advantage;65000;11-2019;21800;Jolly Auto  AP Trading Srl;Alessandro Pavesi - Cesare Dastoli • IT-26010 Cremosano - Crema - Cr;2024-11-22
ba8400ef-793d-43d8-a8f1-d8f12aad6492;bmw;x2;xdrive18d Business X;62045;06-2018;21800;Jolly Auto  AP Trading Srl;Alessandro Pavesi - Cesare Dastoli • IT-26010 Cremosano - Crema - Cr;2024-11-22
baf15363-c61d-4757-9f33-c1c3e1abd897;bmw;m8;4.4 Competition 625cv auto;27363;07-2020;93900;Jolly Auto  AP Trading Srl;Alessandro Pavesi - Cesare Dastoli • IT-26010 Cremosano - Crema - Cr;2024-11-22
5f02b255-fdc0-49fa-a56c-9e9a00e9e28a;bmw;x1;sdrive18d xLine auto my18 * PREZZO REALE *;97334;07-2019;20500;Achille Car srl;Gianni Abate • IT-20215 Milano;2024-11-22
a9f44515-bcc9-4a82-aa9d-6a49f630e68e;bmw;116;d 3p. Advantage;110359;05-2019;13800;Achille Car srl;Gianni Abate • IT-20215 Milano;2024-11-22
0279d894-d52e-41b7-82d9-b7e0972af9cb;bmw;x1;X1 sdrive18d Business Advantage;35053;09-2019;25400;Achille Car srl;Gianni Abate • IT-20215 Milano;2024-11-22
8cc209ae-81bf-455f-be29-06b864cf0d1c;bmw;520;d Touring Msport auto;27134;07-2019;32900;Achille Car srl;Gianni Abate • IT-20215 Milano;2024-11-22
cc444ab9-5636-4671-8aaf-34dfebc18b23;bmw;225;xe Active Tourer iPerformance LUXURY aut PELLE LED;44000;10-2018;19900;Achille Car srl;Gianni Abate • IT-20215 Milano;2024-11-22
7236a717-f3ad-4f3c-b5d5-a16411195379;bmw;318;d Touring Business Advantage auto;16959;11-2019;25920;Achille Car srl;Gianni Abate • IT-20215 Milano;2024-11-22
1e31b6fb-5d08-43a2-ad27-c532f5af464e;bmw;x1;xDrive25e Hybrid Plug-in Auto Navi Pelle Fari LED;87000;03-2021;22800;Achille Car srl;Gianni Abate • IT-20215 Milano;2024-11-22
55622e0a-4363-4267-aca8-4f00b1b7f871;bmw;118;d Msport auto 150cv;30000;06-2021;29990;Achille Car srl;Gianni Abate • IT-20215 Milano;2024-11-22
1472f7cf-f67b-46d2-8e3f-bbd11a2a0cb6;bmw;320;320d mhev 48V xdrive Business Advantage auto;45700;10-2020;27800;Achille Car srl;Gianni Abate • IT-20215 Milano;2024-11-22
47288c63-2095-4a77-a22f-91210ecea10d;bmw;x5;X5 xdrive30d Msport auto (Extra full);95000;03-2019;46900;Achille Car srl;Gianni Abate • IT-20215 Milano;2024-11-22
25c11303-aa1f-47fd-9a5e-8530296ff163;bmw;440;440i Coupe xdrive Luxury auto Individual STUPENDA.;106000;02-2019;29999;Achille Car srl;Gianni Abate • IT-20215 Milano;2024-11-22
d8a67c34-1912-4cd5-9356-7fbb1e2ca6d2;bmw;520;d Touring Business;109325;07-2020;24700;Achille Car srl;Gianni Abate • IT-20215 Milano;2024-11-22
54a75063-9200-43c1-8660-cb7f11f0b10f;bmw;320;d Touring Business Advantage;76068;11-2019;22900;Achille Car srl;Gianni Abate • IT-20215 Milano;2024-11-22
2f9848fb-7530-46ad-bd29-706f6a6c4292;bmw;x1;sDrive18i Advantage;78283;06-2018;21400;Achille Car srl;Gianni Abate • IT-20215 Milano;2024-11-22
7eb2504e-a242-4730-8f63-180877d973cd;bmw;520;d Touring Business Autom.;94700;06-2019;24950;Achille Car srl;Gianni Abate • IT-20215 Milano;2024-11-22
5a35685e-8219-49db-9908-81cb2c157fcf;bmw;225;xe Active Tourer iPerformance Luxury auto my17;40220;03-2018;20100;Achille Car srl;Gianni Abate • IT-20215 Milano;2024-11-22
c52729c2-2a7a-4197-943a-8760adbee88b;bmw;m2;M2 Coupé Competition;75400;12-2020;46900;Achille Car srl;Gianni Abate • IT-20215 Milano;2024-11-22
f9c3de71-b1a2-420b-b5e1-633c4bc25549;bmw;118;118d Business Advantage auto;43000;07-2020;23500;Achille Car srl;Gianni Abate • IT-20215 Milano;2024-11-22
2909c0f4-6aa7-47bb-9cbb-ed5763d84719;bmw;x1;sDrive 18d;73000;11-2022;35500;Achille Car srl;Gianni Abate • IT-20215 Milano;2024-11-22
aff02c7d-3c61-47a9-9f1c-c865b65a5004;bmw;x4;X4 xdrive20d Msport X auto;81000;01-2019;39500;Achille Car srl;Gianni Abate • IT-20215 Milano;2024-11-22
192b1b12-245c-4867-a52f-59715ac378dd;bmw;118;118i 5p Advantage LED;55800;09-2021;18700;Rent Technology Srls;Ethan Sordini • IT-22061 Campione d'Italia - Como - CO;2024-11-22
b69afdb6-31cd-4529-a34a-23eb39af73a4;bmw;420;grancoupe'  xDrive 48V MSport;43300;09-2022;45900;Rent Technology Srls;Ethan Sordini • IT-22061 Campione d'Italia - Como - CO;2024-11-22
5c24c37f-9ebf-435c-a79f-440ab16a119d;bmw;x1;sdrive18d Business Advantage auto;25950;02-2022;31800;Rent Technology Srls;Ethan Sordini • IT-22061 Campione d'Italia - Como - CO;2024-11-22
ed01b533-a272-4357-b976-593cd5b377ff;bmw;420;d Coupe mhev 48V Sport auto;146000;02-2021;31400;Rent Technology Srls;Ethan Sordini • IT-22061 Campione d'Italia - Como - CO;2024-11-22
e4d6738b-bc19-4608-a4c9-2c88a29f6089;bmw;320;e Plug-in Hybrid Touring Sport AUT/NAV/CAMERA/LED;38000;01-2022;32900;Rent Technology Srls;Ethan Sordini • IT-22061 Campione d'Italia - Como - CO;2024-11-22
a957085e-5d4b-420b-9624-eeeb348946ae;bmw;320;320d 48V Msport;89000;06-2020;30999;Rent Technology Srls;Ethan Sordini • IT-22061 Campione d'Italia - Como - CO;2024-11-22
ca5aa877-4a9b-4bff-8e67-c452155d1a90;bmw;320;d Msport auto;62628;03-2019;31900;Rent Technology Srls;Ethan Sordini • IT-22061 Campione d'Italia - Como - CO;2024-11-22
385f2e80-fa58-4213-8eea-ae49f6e00568;bmw;118;118i Msport 140cv auto ***PROMO***;81000;11-2020;25200;Rent Technology Srls;Ethan Sordini • IT-22061 Campione d'Italia - Como - CO;2024-11-22
1283d117-024a-4a08-a361-aa4a65db0789;bmw;x3;X3 xdrive20d Business Advantage 190cv auto my19;54165;12-2019;27400;Rent Technology Srls;Ethan Sordini • IT-22061 Campione d'Italia - Como - CO;2024-11-22
ff28722d-a24f-4b5a-87b2-20e690bbd91d;bmw;220;d Gran Tourer 2.0 190CV Luxury Auto 7 p.ti;39877;08-2022;24898;Rent Technology Srls;Ethan Sordini • IT-22061 Campione d'Italia - Como - CO;2024-11-22
be697616-2913-4043-84da-2baee415dbb1;bmw;218;d xDrive A.T. auto Cruise Navi Retrocamera DAB;145000;06-2019;14900;Rent Technology Srls;Ethan Sordini • IT-22061 Campione d'Italia - Como - CO;2024-11-22
04fc0595-c8b3-4f5e-a425-3a841566698d;bmw;x1;sDrive16d Advantage;64292;05-2019;20493;Rent Technology Srls;Ethan Sordini • IT-22061 Campione d'Italia - Como - CO;2024-11-22
c2035f52-e0db-478e-80b1-9793ea7b9fab;bmw;z4;sdrive 30i Msport auto-2.0b 258cv;108200;06-2019;36900;Rent Technology Srls;Ethan Sordini • IT-22061 Campione d'Italia - Como - CO;2024-11-22
6b555b7d-d28d-40d4-9af2-86d52a76c86c;bmw;116;d Msport 3p;123000;01-2018;15700;Rent Technology Srls;Ethan Sordini • IT-22061 Campione d'Italia - Como - CO;2024-11-22
76c9ffc8-75f0-4a33-b624-34d59b562b0d;bmw;x1;"sDrive16d Business Advantage AUTO. - NAVI 8,8""/LED";37000;07-2021;25750;Rent Technology Srls;Ethan Sordini • IT-22061 Campione d'Italia - Como - CO;2024-11-22
14f042f6-4e6a-4bc1-9171-ee7facc8e8e6;bmw;520;2.0 D 190CV MH48V TOURING **UNIPRO**FATTURABILE**;74000;08-2022;35990;Rent Technology Srls;Ethan Sordini • IT-22061 Campione d'Italia - Como - CO;2024-11-22
8e7547dd-8b97-474b-9a85-651112424ba6;bmw;x1;X1 sdrive20d Advantage auto;53532;02-2019;22900;Rent Technology Srls;Ethan Sordini • IT-22061 Campione d'Italia - Como - CO;2024-11-22
0e1ebef6-b6f4-4531-8ba5-7154832f114b;bmw;118;118i 5p. Business Advantage NAVI;15400;04-2021;18900;Rent Technology Srls;Ethan Sordini • IT-22061 Campione d'Italia - Como - CO;2024-11-22
dce60e56-8967-40d8-9381-d1fe2cc9bde3;bmw;x1;X1 sdrive16d Business Advantage;99125;01-2020;17990;Rent Technology Srls;Ethan Sordini • IT-22061 Campione d'Italia - Como - CO;2024-11-22
013d18a7-0e04-4caa-b64c-9507f20f5b0e;bmw;240;M240i Coupe xdrive auto;26200;07-2022;49800;Rent Technology Srls;Ethan Sordini • IT-22061 Campione d'Italia - Como - CO;2024-11-22
3cc24cd6-b4b0-420f-8cea-478f1a751658;bmw;x2;sDrive16d M Sport X-RETROCAM-TAGLIANDI BMW-GAR.24M;114000;12-2020;25400;Eurocar Brescia Srl;Responsabile Usato • IT-25086 Rezzato - Brescia;2024-11-22
3ff4fe5f-69ad-468e-ade2-3b7101bcae52;bmw;x1;xdrive 25e Business Advantage auto;79800;04-2021;21150;Eurocar Brescia Srl;Responsabile Usato • IT-25086 Rezzato - Brescia;2024-11-22
c820c14a-1115-4bdb-9779-cbc736e6ace7;bmw;x3;20d 190CV XDrive XLine Auto✔️TETTO APRIBILE;99032;04-2019;28800;Eurocar Brescia Srl;Responsabile Usato • IT-25086 Rezzato - Brescia;2024-11-22
e3a1c642-eea3-4ec2-ace9-bbc524bf46fa;bmw;225;Xe Active Tourer iPerformance Auto S&S 136 Cv;76000;09-2019;16950;Eurocar Brescia Srl;Responsabile Usato • IT-25086 Rezzato - Brescia;2024-11-22
a2b72c71-52e2-434f-98f1-6893687ea564;bmw;m850;M 850i Coupe xdrive auto;44427;07-2019;56710;Eurocar Brescia Srl;Responsabile Usato • IT-25086 Rezzato - Brescia;2024-11-22
89bea299-a43c-457e-850d-d796bfc73994;bmw;420;d xDrive Gran Coupé Advantage;151016;01-2020;20900;Eurocar Brescia Srl;Responsabile Usato • IT-25086 Rezzato - Brescia;2024-11-22
44507557-e92c-4a2a-ae64-e3b4b272564b;bmw;x1;2.0d 150cv S-DRIVE 18d AUTO NAVI SENS.PARK CLIMA;107202;06-2019;18800;Eurocar Brescia Srl;Responsabile Usato • IT-25086 Rezzato - Brescia;2024-11-22
cec9c484-71a3-4a5e-9960-ab0c4a439351;bmw;118;i 5p. Business Advantage;40200;04-2022;25490;Eurocar Brescia Srl;Responsabile Usato • IT-25086 Rezzato - Brescia;2024-11-22
d00aeb24-eb7f-4d1b-b58d-1142e83dad98;bmw;135;M 135i xdrive auto IVA ESPOSTA;39500;02-2021;36300;Eurocar Brescia Srl;Responsabile Usato • IT-25086 Rezzato - Brescia;2024-11-22
afbd4445-c043-46eb-ae98-1095482cca60;bmw;218;d Gran Tourer Luxury cambio automatico;82714;02-2019;19900;Eurocar Brescia Srl;Responsabile Usato • IT-25086 Rezzato - Brescia;2024-11-22
1263750a-f4e3-4e9f-a4f7-60ac1c50864e;bmw;118;118i Advantage 136cv;39890;12-2020;19900;Eurocar Brescia Srl;Responsabile Usato • IT-25086 Rezzato - Brescia;2024-11-22
f8ed83b7-fde4-4ecc-9196-80d885e2667b;bmw;x2;sDrive18d - IVA ESPOSTA;48000;09-2021;28900;Eurocar Brescia Srl;Responsabile Usato • IT-25086 Rezzato - Brescia;2024-11-22
4215a197-34dc-476e-8524-dd3c82cf9979;bmw;118;118d 5p msport auto;140000;03-2018;22900;Eurocar Brescia Srl;Responsabile Usato • IT-25086 Rezzato - Brescia;2024-11-22
a3cc4907-ebca-4d16-8edd-b2fc60a81abb;bmw;320;d xDrive Touring Msport;58987;10-2020;34990;Eurocar Brescia Srl;Responsabile Usato • IT-25086 Rezzato - Brescia;2024-11-22
8130c185-6677-4703-b2d6-1046225f8db5;bmw;420;420d Coupe mhev 48V Msport auto;33500;12-2022;47800;Eurocar Brescia Srl;Responsabile Usato • IT-25086 Rezzato - Brescia;2024-11-22
e0e26d5b-2c0a-49ca-9db4-2e06cfcfac0b;bmw;420;420d Gran Coupe Sport;32000;01-2019;28900;Eurocar Brescia Srl;Responsabile Usato • IT-25086 Rezzato - Brescia;2024-11-22
c47bd642-cade-4389-828c-93549d1d20dc;bmw;x3 m;X3 xdrive M40i 354cv auto;34623;10-2018;39900;Eurocar Brescia Srl;Responsabile Usato • IT-25086 Rezzato - Brescia;2024-11-22
c8634cf3-8439-439d-b51a-a6474c93d050;bmw;x3;xDrive 20d xLine;115790;12-2019;25199;Eurocar Brescia Srl;Responsabile Usato • IT-25086 Rezzato - Brescia;2024-11-22
96715eab-490f-4c25-80ca-a165ab1ca531;bmw;550;M 0d Touring xdrive auto;107146;02-2019;39900;Eurocar Brescia Srl;Responsabile Usato • IT-25086 Rezzato - Brescia;2024-11-22
6ab01cb7-e8f6-4bdb-b403-a54907683b9b;bmw;218;D Gran Coupè mSport AUT EU6D;78300;02-2021;29900;Eurocar Brescia Srl;Responsabile Usato • IT-25086 Rezzato - Brescia;2024-11-22
0b86f1f6-f054-4436-a460-fe88c91ddbf9;bmw;x4;IVATA;45000;12-2018;37500;Ad Motors Milano di Alessandro Di Modica;Alessandro • IT-20018 Sedriano MI;2024-11-22
6d736373-de2e-4a64-949f-9c259db01ab5;bmw;420;d Gran Coupe Msport auto;26448;09-2020;43990;Ad Motors Milano di Alessandro Di Modica;Alessandro • IT-20018 Sedriano MI;2024-11-22
8e4977d0-897b-4d12-9898-06eb9a7c66a7;bmw;x2;xDrive18d Business-X;50948;01-2022;31950;Ad Motors Milano di Alessandro Di Modica;Alessandro • IT-20018 Sedriano MI;2024-11-22
117756a4-12ab-466e-9164-e17a50ab3be2;bmw;320;d xDrive 190cv Touring Bus.Adv. Navi Fari LED;125000;12-2019;22800;Ad Motors Milano di Alessandro Di Modica;Alessandro • IT-20018 Sedriano MI;2024-11-22
abc4110a-ed68-4c53-b5fc-270e3c8fbfaa;bmw;x1;xDrive18d xLine;105000;07-2019;23500;Ad Motors Milano di Alessandro Di Modica;Alessandro • IT-20018 Sedriano MI;2024-11-22
f7bca03a-6ca9-47d0-a063-5a0231f9d20a;bmw;x1;20d xDrive 190cv aut.8 E6 XLine KM CERT BMW-FULL!;84000;02-2018;24000;Ad Motors Milano di Alessandro Di Modica;Alessandro • IT-20018 Sedriano MI;2024-11-22
e5d5ed08-d4a7-48ac-8602-df0809f22156;bmw;330;d 48V MSport - PELLE MERINO/SEDILI RISCALDABILI;31000;10-2021;36750;Ad Motors Milano di Alessandro Di Modica;Alessandro • IT-20018 Sedriano MI;2024-11-22
d1b9e79b-6e4e-43ad-804a-f277831a3898;bmw;m4;Coupe 3.0 450cv dkg;56715;03-2018;54900;Ad Motors Milano di Alessandro Di Modica;Alessandro • IT-20018 Sedriano MI;2024-11-22
1f3b7df7-7a2c-41e2-a99e-859eb8058efe;bmw;x3;xDrive20d 48V 190cv Navi Cruise Fari LED Cerchi 18;120000;05-2021;27900;Ad Motors Milano di Alessandro Di Modica;Alessandro • IT-20018 Sedriano MI;2024-11-22
24292a7f-df12-4cdd-992a-1274eb27c327;bmw;x5;xdrive30d Luxury 249cv auto;200000;01-2018;24900;Ad Motors Milano di Alessandro Di Modica;Alessandro • IT-20018 Sedriano MI;2024-11-22
8d288dee-0d87-4613-9220-1baf9350901c;bmw;518;d mhev 48V Business auto;52544;09-2020;27900;Ad Motors Milano di Alessandro Di Modica;Alessandro • IT-20018 Sedriano MI;2024-11-22
4f2676f0-958f-47cd-b13c-cbd980e84ade;bmw;x3;xdrive20d mhev 48V Msport auto;22910;10-2021;38990;Ad Motors Milano di Alessandro Di Modica;Alessandro • IT-20018 Sedriano MI;2024-11-22
aaff4573-1e93-40b9-8b04-3f241eb31eed;bmw;x3;xDrive 20d Business Advantage;142101;09-2019;21699;Ad Motors Milano di Alessandro Di Modica;Alessandro • IT-20018 Sedriano MI;2024-11-22
283f4bb1-e343-4aa2-be73-b341a622ea98;bmw;x3;xDrive30i Luxury -TETTO/PELLE/NAVI PRO/GANCIO ELE.;59000;08-2019;33750;Ad Motors Milano di Alessandro Di Modica;Alessandro • IT-20018 Sedriano MI;2024-11-22
cef38ab7-7d33-489a-b05c-58de4cbae89e;bmw;520;d 48V xDrive Touring Luxury;119810;02-2021;29900;Ad Motors Milano di Alessandro Di Modica;Alessandro • IT-20018 Sedriano MI;2024-11-22
f2fe267e-6631-4985-995c-86d27a0bb456;bmw;220;i Gran Coupé M sport automatica;29035;01-2022;34900;Ad Motors Milano di Alessandro Di Modica;Alessandro • IT-20018 Sedriano MI;2024-11-22
5ef55c80-17a9-421b-816c-fbd0fad91fc1;bmw;320;320d Touring Msport auto;154451;01-2020;25900;Ad Motors Milano di Alessandro Di Modica;Alessandro • IT-20018 Sedriano MI;2024-11-22
dde959ab-04c1-4178-84fb-935e47fd3f8c;bmw;x1;sDrive16d Business Advantage;68680;05-2021;23900;Ad Motors Milano di Alessandro Di Modica;Alessandro • IT-20018 Sedriano MI;2024-11-22
10f1d640-5cbf-488b-a34a-a149ae110b63;bmw;x1;"X1 xdrive20d Msport TETTO, CERCHI 19"", TELECAMERA";38085;01-2018;28900;Ad Motors Milano di Alessandro Di Modica;Alessandro • IT-20018 Sedriano MI;2024-11-22
ad214569-1c44-4326-b6b4-1ace1d88ae21;bmw;235;BMW Serie 2 G.C. M 235i xDrive Gran Coupé  Unicop;117000;12-2020;28900;Ad Motors Milano di Alessandro Di Modica;Alessandro • IT-20018 Sedriano MI;2024-11-22
f5592de1-6c1e-4848-8438-842e437f9c70;bmw;x3;xdrive30d mhev Msport 286cv km 78.000 iva esposta;78000;06-2022;39500;Ecopart Italia Srl;RESPONSABILE USATO • IT-00141 Roma - RM;2024-11-22
07208a4e-085d-4ed3-b1dc-753a19547b8d;bmw;730;Serie 7 730 d xDrive M Sport;43757;07-2021;50990;Ecopart Italia Srl;RESPONSABILE USATO • IT-00141 Roma - RM;2024-11-22
6c772140-a564-4386-9db8-78bbefda43f2;bmw;x1;sdrive18d Business Advantage auto;25950;02-2022;31800;Ecopart Italia Srl;RESPONSABILE USATO • IT-00141 Roma - RM;2024-11-22
3e38c334-6ad3-4cbe-a62d-b388d606b1e6;bmw;550;M5;93000;04-2018;59999;Ecopart Italia Srl;RESPONSABILE USATO • IT-00141 Roma - RM;2024-11-22
7b823426-b34c-48b0-9d67-cfa51affd5e2;bmw;135;M i xdrive auto;87318;11-2020;31000;Ecopart Italia Srl;RESPONSABILE USATO • IT-00141 Roma - RM;2024-11-22
026f78a5-dc4a-436c-a62e-8ad6b21cd0ce;bmw;218;218d xDrive Active Tourer Msport aut.;51422;03-2018;19900;Ecopart Italia Srl;RESPONSABILE USATO • IT-00141 Roma - RM;2024-11-22
523eb51c-4f90-40f0-9fdb-8b0eeb2602a8;bmw;320;320d Touring xdrive Advantage automatica;81000;05-2018;22250;Ecopart Italia Srl;RESPONSABILE USATO • IT-00141 Roma - RM;2024-11-22
b79e733b-ec8c-46e7-a4c0-d27b90dc127c;bmw;i3;120 Ah Advantage 355 km autonomia;13500;12-2019;19800;Ecopart Italia Srl;RESPONSABILE USATO • IT-00141 Roma - RM;2024-11-22
2718f06c-3b73-4e69-aade-ec701b01f7a6;bmw;x1;X1 sdrive20d xLine auto;140219;01-2019;22900;Ecopart Italia Srl;RESPONSABILE USATO • IT-00141 Roma - RM;2024-11-22
3a40692b-34f7-455d-b2fd-3cf45c9a6016;bmw;520;520d Touring Msport auto PROMO FINANZIAMENTO;130000;01-2019;25700;Ecopart Italia Srl;RESPONSABILE USATO • IT-00141 Roma - RM;2024-11-22
a848abcf-363f-45b1-8215-21b938ee7f98;bmw;118;118i 5p. Business Advantage Navi;22500;12-2021;20900;Ecopart Italia Srl;RESPONSABILE USATO • IT-00141 Roma - RM;2024-11-22
72117692-d322-4345-85f8-1d643ab2e982;bmw;x1;sDrive18i 136cv NaviPRO Lane&FrontAssist Cruise;95000;03-2021;21200;Ecopart Italia Srl;RESPONSABILE USATO • IT-00141 Roma - RM;2024-11-22
2924433f-c56e-4720-9742-bed3facb46f2;bmw;x4;xDrive30i xLine;134900;08-2020;31999;Ecopart Italia Srl;RESPONSABILE USATO • IT-00141 Roma - RM;2024-11-22
3e86e90b-6d20-443d-b6be-2cc95bf48ad9;bmw;m5;M5 4.4 V8 600cv auto;43000;07-2018;57500;Ecopart Italia Srl;RESPONSABILE USATO • IT-00141 Roma - RM;2024-11-22
899a61d1-ed7f-4bb2-ab74-4e20853a3b6d;bmw;520;520d Touring Sport EURO 6;157000;11-2019;21900;Ecopart Italia Srl;RESPONSABILE USATO • IT-00141 Roma - RM;2024-11-22
8e714892-5382-4fd2-8fa8-9cee197b30c8;bmw;x1;sdrive18d xLine auto;92485;03-2018;21800;Ecopart Italia Srl;RESPONSABILE USATO • IT-00141 Roma - RM;2024-11-22
b2ccbaf4-6693-49e4-94f1-12c3d9443775;bmw;218;d Active Tourer auto;62904;02-2018;16900;Ecopart Italia Srl;RESPONSABILE USATO • IT-00141 Roma - RM;2024-11-22
e66faac6-4531-4817-a749-ca3fee0a3203;bmw;530;530d Touring xdrive Msport 265cv auto PROM.FINANZ.;190000;02-2019;27700;Ecopart Italia Srl;RESPONSABILE USATO • IT-00141 Roma - RM;2024-11-22
f974d2e9-f0b2-4245-82e4-2ecffd21c649;bmw;118;d 2.0 150CV Msport;26415;05-2022;32522;Ecopart Italia Srl;RESPONSABILE USATO • IT-00141 Roma - RM;2024-11-22
9a1c059f-a5a7-412d-b681-bc9d3d17ba0a;bmw;118;d X-DRIVE M-sport 5p;68700;01-2019;24500;Ecopart Italia Srl;RESPONSABILE USATO • IT-00141 Roma - RM;2024-11-22
ea4f3e3a-de65-4860-a229-4ae5cb0a2d7b;bmw;x1;sDrive16d xLine;126935;09-2018;17500;Autosilver;Lorenzo Mailli - Andrea Tirelli Ufficio Commerciale • IT-37135 Verona  - Vr;2024-11-22
8085e220-bbfe-41e1-b691-242e83a46300;bmw;316;316d Luxury;81698;03-2018;17900;Autosilver;Lorenzo Mailli - Andrea Tirelli Ufficio Commerciale • IT-37135 Verona  - Vr;2024-11-22
b574ac90-b076-466c-9fb6-dec1fa0582b5;bmw;118;i Advantage auto;42650;01-2020;22170;Autosilver;Lorenzo Mailli - Andrea Tirelli Ufficio Commerciale • IT-37135 Verona  - Vr;2024-11-22
fdc495b3-2263-475a-a2e0-fbd632bdd584;bmw;520;"d 48V Touring Business AUTO. - NAVI/LED/CERCHI 18""";74000;09-2020;28750;Autosilver;Lorenzo Mailli - Andrea Tirelli Ufficio Commerciale • IT-37135 Verona  - Vr;2024-11-22
27084d84-e27c-4bf5-aff4-c2e03305134d;bmw;320;d Touring Business Advantage auto Euro 6 d-temp;90000;07-2019;18400;Autosilver;Lorenzo Mailli - Andrea Tirelli Ufficio Commerciale • IT-37135 Verona  - Vr;2024-11-22
501f8baf-b9c6-41d1-b162-23ea01429101;bmw;x4 m;X4 xdrive M40d auto;92000;06-2019;42900;Autosilver;Lorenzo Mailli - Andrea Tirelli Ufficio Commerciale • IT-37135 Verona  - Vr;2024-11-22
7aa00f58-8cec-4b31-a831-350ea9563a70;bmw;118;118i Sport 140cv FULL VIRTUAL COCKPIT;50500;12-2019;21000;Autosilver;Lorenzo Mailli - Andrea Tirelli Ufficio Commerciale • IT-37135 Verona  - Vr;2024-11-22
460b1111-4531-4a8e-9c40-611ca5772c26;bmw;x7;xdrive30d auto 7p.ti;86158;05-2019;56920;Autosilver;Lorenzo Mailli - Andrea Tirelli Ufficio Commerciale • IT-37135 Verona  - Vr;2024-11-22
c69bffd2-c66c-43e9-bb50-2035cc502c5c;bmw;x4;xdrive20d mhev 48V Msport auto;49111;10-2021;46990;Autosilver;Lorenzo Mailli - Andrea Tirelli Ufficio Commerciale • IT-37135 Verona  - Vr;2024-11-22
0869fd12-35d8-477b-af4a-da7a2ea6a3db;bmw;530;d xdrive Luxury 249CV *TETTO* - GARANZIA UFFICIA;95689;07-2018;31490;Autosilver;Lorenzo Mailli - Andrea Tirelli Ufficio Commerciale • IT-37135 Verona  - Vr;2024-11-22
0ad36357-cdb5-4054-a58d-527f7a898bf6;bmw;x3;(G01/F97) xDrive20d Msport;163128;02-2019;27990;Autosilver;Lorenzo Mailli - Andrea Tirelli Ufficio Commerciale • IT-37135 Verona  - Vr;2024-11-22
1c3508f2-69cc-4cf5-890f-edf38779feda;bmw;220;(G42) 220D COUPÉ MSPORT;42279;05-2022;37900;Autosilver;Lorenzo Mailli - Andrea Tirelli Ufficio Commerciale • IT-37135 Verona  - Vr;2024-11-22
7b1455a2-77b1-4137-a80c-498145086246;bmw;116;d Sport- AUTOM - PELLE - LED - APPLE - GAR.24 M;62000;02-2020;24500;Autosilver;Lorenzo Mailli - Andrea Tirelli Ufficio Commerciale • IT-37135 Verona  - Vr;2024-11-22
c8067630-fd51-4a95-8ba8-ad54b1b5b706;bmw;318;318d Touring Business Advantage auto;93365;05-2020;22500;Autosilver;Lorenzo Mailli - Andrea Tirelli Ufficio Commerciale • IT-37135 Verona  - Vr;2024-11-22
41c2afa6-037e-4e9b-bc67-fdc108f266a1;bmw;220;220d Active Tourer xdrive Luxury auto;99000;12-2019;19890;Autosilver;Lorenzo Mailli - Andrea Tirelli Ufficio Commerciale • IT-37135 Verona  - Vr;2024-11-22
f6c45f20-f39d-40e3-b138-a83ed1f3a2ce;bmw;330;d Touring mhev 48V Msport auto;144848;05-2021;32600;Autosilver;Lorenzo Mailli - Andrea Tirelli Ufficio Commerciale • IT-37135 Verona  - Vr;2024-11-22
4a68603d-c8c5-40cc-a0d0-b83764097b35;bmw;530;530d Touring xdrive Luxury 249cv auto;166457;06-2019;23990;Autosilver;Lorenzo Mailli - Andrea Tirelli Ufficio Commerciale • IT-37135 Verona  - Vr;2024-11-22
af9fafed-872b-4d32-94d7-22cc1ce6652d;bmw;118;"i 5p. Advantage+17""+LED+NAVI+Carplay/Android";37300;01-2021;24800;Autosilver;Lorenzo Mailli - Andrea Tirelli Ufficio Commerciale • IT-37135 Verona  - Vr;2024-11-22
04989b51-42a4-4035-8a02-e5a0773e22c7;bmw;x3;G01-F97 xdrive20d mhev 48V auto;24125;06-2022;39000;Autosilver;Lorenzo Mailli - Andrea Tirelli Ufficio Commerciale • IT-37135 Verona  - Vr;2024-11-22
a229ff12-bb0d-4969-af3d-4caffd697ca5;bmw;x2;M-Sport s-drive18i 136 cv tetto apribile;54424;07-2022;30999;Autosilver;Lorenzo Mailli - Andrea Tirelli Ufficio Commerciale • IT-37135 Verona  - Vr;2024-11-22
10d4d109-b472-4a26-8e59-a06719f15948;bmw;220;d Gran Tourer xDrive Business 7 posti auto;120000;06-2019;17490;Ultu Selection srl;Simone Ulturale • IT-25035 Ospitaletto -  BS;2024-11-22
ea8af0f5-e8c9-46fb-ac66-b942afe0a75e;bmw;850;m cabrio 850i xdrive v8 individual composition ste;37662;02-2019;59900;Ultu Selection srl;Simone Ulturale • IT-25035 Ospitaletto -  BS;2024-11-22
2194dfb4-d5ea-4b20-a397-68825e196886;bmw;220;220d Gran Tourer Business aut.;129118;10-2018;15449;Ultu Selection srl;Simone Ulturale • IT-25035 Ospitaletto -  BS;2024-11-22
dabd7ff6-293b-45d6-8081-b302286d4b2d;bmw;x5;xDrive25d M-Sport *49.000 Km*;59000;11-2021;53500;Ultu Selection srl;Simone Ulturale • IT-25035 Ospitaletto -  BS;2024-11-22
9ff80a59-1e5e-4e80-8352-dbda87525349;bmw;318;318d Touring Business Advantage aut.;139000;07-2018;15999;Ultu Selection srl;Simone Ulturale • IT-25035 Ospitaletto -  BS;2024-11-22
71376e6a-b395-4952-8102-80da33bc58c2;bmw;216;216d Gran Tourer Advantage 7p.ti auto;82131;09-2018;16990;Ultu Selection srl;Simone Ulturale • IT-25035 Ospitaletto -  BS;2024-11-22
140fc0ac-6282-4f02-b9ab-0abfedef26a1;bmw;x4;xDrive20d Business Advantage Aut.;170500;04-2018;24900;Ultu Selection srl;Simone Ulturale • IT-25035 Ospitaletto -  BS;2024-11-22
e1f75317-187d-4c89-9461-221fb08293dc;bmw;216;216d Gran Coupe Msport auto;45485;04-2022;27300;Ultu Selection srl;Simone Ulturale • IT-25035 Ospitaletto -  BS;2024-11-22
636c8c83-e925-4230-8112-c26be1f31b53;bmw;x1;xLine 18 d;85000;06-2018;22200;Ultu Selection srl;Simone Ulturale • IT-25035 Ospitaletto -  BS;2024-11-22
b7ee9e6c-b242-4d85-9ce5-ce46bbee79f6;bmw;120;120i 5p. Advantage PERFETTE CONDIZIONI;41162;06-2021;24800;Ultu Selection srl;Simone Ulturale • IT-25035 Ospitaletto -  BS;2024-11-22
7fd242d6-d356-4bfb-a873-a484e704948d;bmw;320;d Efficient Dynamics Touring Sport;178500;05-2019;14500;Ultu Selection srl;Simone Ulturale • IT-25035 Ospitaletto -  BS;2024-11-22
de68a478-ae4b-4195-9f2c-91c0305631b0;bmw;116;"BUSINESS 116 CV  NAVI CERCHI IN LEGA 18"" 5 PORTE";106000;06-2018;14900;Ultu Selection srl;Simone Ulturale • IT-25035 Ospitaletto -  BS;2024-11-22
94221006-b469-41c3-91f3-a07123c09b4a;bmw;118;i Advantage 136cv auto;56875;01-2021;21350;Ultu Selection srl;Simone Ulturale • IT-25035 Ospitaletto -  BS;2024-11-22
5131b7db-ad5b-4ba4-95a9-3bef9663032e;bmw;x1;xdrive18d xLine auto my18;96759;01-2019;19990;Ultu Selection srl;Simone Ulturale • IT-25035 Ospitaletto -  BS;2024-11-22
9b2b92b6-5893-4d8a-b057-3153ec44b2f9;bmw;x4;xdrive20d Msport X auto my19;108179;10-2019;36900;Ultu Selection srl;Simone Ulturale • IT-25035 Ospitaletto -  BS;2024-11-22
107c42bc-b488-4737-ae40-55b066e717d3;bmw;225;225xe Active Tourer iPerformance Advantage auto;59560;06-2020;20700;Ultu Selection srl;Simone Ulturale • IT-25035 Ospitaletto -  BS;2024-11-22
c25d71e6-70f9-4370-8914-97b2fb778e36;bmw;x2;sdrive18d Msport;37184;03-2021;28500;Ultu Selection srl;Simone Ulturale • IT-25035 Ospitaletto -  BS;2024-11-22
bcc6bd66-3115-4a00-8710-d1c2742c8da3;bmw;x5;xdrive45e Msport auto;59359;02-2021;55500;Ultu Selection srl;Simone Ulturale • IT-25035 Ospitaletto -  BS;2024-11-22
4c92f2a9-55a3-4ae6-82b2-dfcd686fa642;bmw;x1;sdrive20i xline 192cv auto;41010;07-2020;27500;Ultu Selection srl;Simone Ulturale • IT-25035 Ospitaletto -  BS;2024-11-22
9b2cd90e-7b0e-45b4-9f16-0a60be4e9d2a;bmw;m8;4.4 Competition 625cv auto;16000;11-2021;97800;Ultu Selection srl;Simone Ulturale • IT-25035 Ospitaletto -  BS;2024-11-22
d4bc0470-370c-4a68-90f5-2c80d191b789;bmw;218;218i Active Tourer Business 140cv auto;68791;08-2020;15900;Target srl;Team Web • IT-14100 Asti - At;2024-11-22
252f6669-0180-4dae-80c6-d63886dad77e;bmw;x1;sDrive 20d Business Advantage automatico;146145;01-2020;19850;Target srl;Team Web • IT-14100 Asti - At;2024-11-22
93b139a3-e2e8-4506-a28c-feede6f9c9b2;bmw;x6;xDrive30d 48V Msport;34340;10-2020;62900;Target srl;Team Web • IT-14100 Asti - At;2024-11-22
b0ce14ba-0b0f-41a9-9ab0-688f362d2372;bmw;520;520d aut Business MH48V Touring;134142;08-2020;24850;Target srl;Team Web • IT-14100 Asti - At;2024-11-22
747af973-707d-4fe0-972d-14b38149dd71;bmw;x2;sdrive16d Business X auto;98000;02-2021;24000;Target srl;Team Web • IT-14100 Asti - At;2024-11-22
6259810d-7eb8-4bbb-9d4f-68359fec476b;bmw;540;d Touring xdrive Msport auto;142671;01-2018;28800;Target srl;Team Web • IT-14100 Asti - At;2024-11-22
2bec59c0-0487-4471-9a48-34c3a92d243b;bmw;x1;F48 2019 Benzina sdrive18i xLine 136cv auto;36434;03-2021;26900;Target srl;Team Web • IT-14100 Asti - At;2024-11-22
67009db7-ad00-4de6-a626-ec23a7b73493;bmw;318;d Touring Business Advantage auto Euro 6;78500;06-2018;17500;Target srl;Team Web • IT-14100 Asti - At;2024-11-22
4d91f70b-b7d5-4e56-99c3-b74799d3b8b3;bmw;x1;xdrive20d Msport auto;107958;04-2021;30900;Target srl;Team Web • IT-14100 Asti - At;2024-11-22
1b63bcf9-5cde-4f9b-b93a-3614484103fb;bmw;x2;sdrive18d Advantage Steptronic;70000;05-2020;27500;Target srl;Team Web • IT-14100 Asti - At;2024-11-22
a93aa5b6-5bde-472d-968d-63e32717e775;bmw;x3;xdrive20d xLine 190cv auto my19;167000;05-2020;26500;Target srl;Team Web • IT-14100 Asti - At;2024-11-22
27c50f3a-13cf-4aad-b54e-a88d4fd8c129;bmw;x4;20d scr xdrive msport x steptronic my19;49189;02-2020;39900;Target srl;Team Web • IT-14100 Asti - At;2024-11-22
9d4f3652-6b87-4f1f-bd7b-3c840f53cd77;bmw;420;d 48V Coupé Sport AUTO. - COCKPIT PRO/PELLE/H-K;69000;06-2021;36750;Target srl;Team Web • IT-14100 Asti - At;2024-11-22
5531af91-32f0-43fe-b4eb-ba52b3b77786;bmw;x3;X3 xdrive20d Msport 190cv auto my19;60000;07-2020;36990;Target srl;Team Web • IT-14100 Asti - At;2024-11-22
d47c46f9-8940-4f0a-9696-3b11e8629702;bmw;216;216d Active Tourer Advantage;79000;03-2020;16900;Target srl;Team Web • IT-14100 Asti - At;2024-11-22
416b4fd5-6b54-4a27-853c-0b39fb531713;bmw;x1;sDrive16d Advantage;64292;05-2019;20493;Target srl;Team Web • IT-14100 Asti - At;2024-11-22
06940361-d440-4fde-926e-df18e2717d94;bmw;x2;sDrive18i Msport *Black Pack*;26012;10-2021;35990;Target srl;Team Web • IT-14100 Asti - At;2024-11-22
6c83a315-6355-495f-a305-ff5c8952186a;bmw;x1;X1 sdrive20d Business Advantage auto, Km Certific;81100;07-2020;24900;Target srl;Team Web • IT-14100 Asti - At;2024-11-22
f16f5082-90a2-4b4c-8347-03804d6d2d86;bmw;x1;18d sDrive xLine Steptronic my18 sdrive18d xLine;60780;06-2019;24800;Target srl;Team Web • IT-14100 Asti - At;2024-11-22
395d5d05-9b66-4326-ace0-e2f04b839522;bmw;316;316d Touring;169000;09-2019;13900;Target srl;Team Web • IT-14100 Asti - At;2024-11-22
1cc99826-d7fd-4dde-8e3e-ef5d968827ee;bmw;118;118d Msport auto;116670;01-2021;22450;Carliveroo;Carliveroo .eu • IT-20835 Muggiò - Monza e Brianza - MB;2024-11-22
bb823b69-2f86-4204-adb2-9885f19643ae;bmw;318;d Touring Business Advantage aut.;37000;07-2020;28500;Carliveroo;Carliveroo .eu • IT-20835 Muggiò - Monza e Brianza - MB;2024-11-22
da9d0d9f-a56a-4afb-aa86-1d99fcedc4ee;bmw;116;116d 5p. Business 3 ANNI DI GARANZIA KM ILLIMITATI;83988;07-2018;14900;Carliveroo;Carliveroo .eu • IT-20835 Muggiò - Monza e Brianza - MB;2024-11-22
34aad1ab-bbb0-40c5-9f44-9dc2002eee79;bmw;320;i Luxury auto;53800;03-2019;29900;Carliveroo;Carliveroo .eu • IT-20835 Muggiò - Monza e Brianza - MB;2024-11-22
952c42f0-a8d3-438e-9416-96407b7be7c6;bmw;118;118d 5p. M Sport automatica;79400;05-2020;27500;Carliveroo;Carliveroo .eu • IT-20835 Muggiò - Monza e Brianza - MB;2024-11-22
165a1548-9f0e-436a-993b-d0ce978151fc;bmw;118;118i M sport 136cv auto;29587;09-2021;27400;Carliveroo;Carliveroo .eu • IT-20835 Muggiò - Monza e Brianza - MB;2024-11-22
6bb62049-4716-4c0c-bc2c-6ef745ab0dbe;bmw;520;520d Luxury;91350;03-2018;26500;Carliveroo;Carliveroo .eu • IT-20835 Muggiò - Monza e Brianza - MB;2024-11-22
0e8242bd-189a-4fe2-a3c2-137a0e68bcd5;bmw;x1;xdrive18d Advantage;36518;07-2020;26900;Carliveroo;Carliveroo .eu • IT-20835 Muggiò - Monza e Brianza - MB;2024-11-22
fbdd602b-18dc-4752-bb88-b8fd0315576e;bmw;x4;M Competition 510cv auto;85241;07-2020;57900;Carliveroo;Carliveroo .eu • IT-20835 Muggiò - Monza e Brianza - MB;2024-11-22
25fb8045-bb68-47e9-92aa-a0fa39a0119e;bmw;320;d Gran Turismo Msport;73698;05-2020;29890;Carliveroo;Carliveroo .eu • IT-20835 Muggiò - Monza e Brianza - MB;2024-11-22
de126ca9-d645-4f40-b599-bd47b5faf0de;bmw;116;116D BUSINESS ADVANTAGE;123889;01-2020;15900;Carliveroo;Carliveroo .eu • IT-20835 Muggiò - Monza e Brianza - MB;2024-11-22
0c623c67-4083-415e-8cfe-aa1150bfc778;bmw;x6;xDrive30d 249CV Msport M Sport;125000;09-2018;36900;Carliveroo;Carliveroo .eu • IT-20835 Muggiò - Monza e Brianza - MB;2024-11-22
e2e9aa81-4236-4694-a4c0-b2bdb50b3889;bmw;118;i Advantage 136cv auto;61174;12-2020;20650;Carliveroo;Carliveroo .eu • IT-20835 Muggiò - Monza e Brianza - MB;2024-11-22
3c66f4e5-f6d9-4179-becb-9fd63da3c112;bmw;x4;xdrive 20i Msport M SPORT TETTO 360° IVA ESP.;80000;11-2019;38900;Carliveroo;Carliveroo .eu • IT-20835 Muggiò - Monza e Brianza - MB;2024-11-22
db8c2d3b-c509-44eb-bc39-bc06b1bbdc08;bmw;420;420d xDrive Gran Coupé Advantage 2.0 Diesel 190CV;135532;10-2019;20190;Carliveroo;Carliveroo .eu • IT-20835 Muggiò - Monza e Brianza - MB;2024-11-22
e7b61884-f52b-40a2-9213-9c5f2ef031fc;bmw;ix;iX xdrive40 pacchetto sportivo;28972;05-2022;56900;Carliveroo;Carliveroo .eu • IT-20835 Muggiò - Monza e Brianza - MB;2024-11-22
b873116b-d2de-4859-88e9-636bab19a6a4;bmw;520;520d Sport;178000;03-2019;21999;Carliveroo;Carliveroo .eu • IT-20835 Muggiò - Monza e Brianza - MB;2024-11-22
014bbe52-8e0d-44f8-a00a-261b263d9356;bmw;320;Touring 320d mhev 48V M Sport auto;71447;03-2021;32500;Carliveroo;Carliveroo .eu • IT-20835 Muggiò - Monza e Brianza - MB;2024-11-22
9ac9430f-2887-4b38-8993-e582097f867f;bmw;420;420d Gran Coupe Msport auto my15;110000;05-2018;25499;Carliveroo;Carliveroo .eu • IT-20835 Muggiò - Monza e Brianza - MB;2024-11-22
16ad4b8c-f57d-4b68-8b54-3e760b30a737;bmw;x5;xdrive30d Msport auto;122220;11-2018;43900;Carliveroo;Carliveroo .eu • IT-20835 Muggiò - Monza e Brianza - MB;2024-11-22
